product_id,product_name,quantity,price,unit_cost,reorder_level,category_id,supplier_id,location_id
PRD0001,Sushi Rice,22,450,324,72,CAT001,SUP001,LOC001
PRD0002,Arabica Coffee,45,2000,1440,77,CAT002,SUP002,LOC002
PRD0003,Black Rice,30,600,432,38,CAT001,SUP003,LOC003
PRD0004,Long Grain Rice,12,150,108,59,CAT001,SUP004,LOC004
PRD0005,Plum,37,400,288,30,CAT003,SUP005,LOC005
PRD0006,All-Purpose Flour,55,175,126,33,CAT004,SUP006,LOC001
PRD0007,Corn Oil,96,250,180,52,CAT005,SUP007,LOC002
PRD0008,Egg (Goose),44,250,180,90,CAT006,SUP008,LOC003
PRD0009,Greek Yogurt,91,300,216,84,CAT007,SUP009,LOC004
PRD0010,Egg (Duck),43,100,72,10,CAT006,SUP010,LOC005
PRD0011,Long Grain Rice,62,160,115,81,CAT001,SUP011,LOC001
PRD0012,White Sugar,91,200,144,98,CAT008,SUP012,LOC002
PRD0013,Rye Bread,26,300,216,79,CAT009,SUP013,LOC003
PRD0014,Plum,95,400,288,50,CAT003,SUP014,LOC004
PRD0015,Strawberries,54,600,432,26,CAT003,SUP015,LOC005
PRD0016,Feta Cheese,94,700,504,13,CAT010,SUP016,LOC001
PRD0017,Bread Flour,27,150,108,93,CAT004,SUP017,LOC002
PRD0018,Swiss Cheese,49,800,576,49,CAT010,SUP018,LOC003
PRD0019,Arabica Coffee,55,2000,1440,93,CAT002,SUP019,LOC004
PRD0020,White Sugar,65,200,144,61,CAT008,SUP020,LOC005
PRD0021,Spinach,72,250,180,70,CAT011,SUP021,LOC001
PRD0022,Trout,49,1200,864,73,CAT012,SUP022,LOC002
PRD0023,Green Beans,81,200,144,99,CAT011,SUP023,LOC003
PRD0024,Cabbage,88,100,72,46,CAT011,SUP024,LOC004
PRD0025,Parmesan Cheese,63,1200,864,4,CAT010,SUP025,LOC005
PRD0026,Raw Sugar,31,150,108,43,CAT008,SUP026,LOC001
PRD0027,Egg (Quail),97,80,57,88,CAT006,SUP027,LOC002
PRD0028,Mushrooms,72,600,432,87,CAT011,SUP028,LOC003
PRD0029,Oatmeal Biscuit,16,500,360,9,CAT013,SUP029,LOC004
PRD0030,Pear,77,450,324,20,CAT003,SUP030,LOC005
PRD0031,Cucumber,19,175,126,36,CAT011,SUP031,LOC001
PRD0032,Pineapple,18,350,252,52,CAT003,SUP032,LOC002
PRD0033,Olive Oil,47,600,432,48,CAT005,SUP033,LOC003
PRD0034,Herbal Tea,77,3000,2160,45,CAT014,SUP034,LOC004
PRD0035,Haddock,46,900,648,28,CAT012,SUP035,LOC005
PRD0036,Onion,39,200,144,22,CAT011,SUP036,LOC001
PRD0037,Sushi Rice,75,450,324,69,CAT001,SUP037,LOC002
PRD0038,Pineapple,48,345,248,48,CAT003,SUP038,LOC003
PRD0039,Zucchini,61,250,180,90,CAT011,SUP039,LOC004
PRD0040,Short Grain Rice,60,300,216,90,CAT001,SUP040,LOC005
PRD0041,Mango,24,500,360,55,CAT003,SUP041,LOC001
PRD0042,Lemon,12,230,165,7,CAT003,SUP042,LOC002
PRD0043,Black Coffee,84,1500,1080,13,CAT002,SUP043,LOC003
PRD0044,Butter,51,300,216,100,CAT007,SUP044,LOC004
PRD0045,Multigrain Bread,65,350,252,36,CAT009,SUP045,LOC005
PRD0046,Long Grain Rice,67,150,108,88,CAT001,SUP046,LOC001
PRD0047,Bread Flour,14,150,108,74,CAT004,SUP047,LOC002
PRD0048,Kiwi,45,600,432,24,CAT003,SUP048,LOC003
PRD0049,Mango,92,500,360,46,CAT003,SUP049,LOC004
PRD0050,Sourdough Bread,41,400,288,84,CAT009,SUP050,LOC005
PRD0051,Short Grain Rice,41,450,324,36,CAT001,SUP051,LOC001
PRD0052,Orange,85,300,216,45,CAT003,SUP052,LOC002
PRD0053,Pineapple,44,340,244,80,CAT003,SUP053,LOC003
PRD0054,White Bread,92,250,180,87,CAT009,SUP054,LOC004
PRD0055,Green Coffee,62,1200,864,89,CAT002,SUP055,LOC005
PRD0056,Zucchini,26,250,180,18,CAT011,SUP056,LOC001
PRD0057,Sourdough Bread,59,450,324,78,CAT009,SUP057,LOC002
PRD0058,Orange,88,290,208,37,CAT003,SUP058,LOC003
PRD0059,Sardines,91,600,432,59,CAT012,SUP059,LOC004
PRD0060,Olive Oil,28,600,432,17,CAT005,SUP060,LOC005
PRD0061,Carrot,51,150,108,60,CAT011,SUP061,LOC001
PRD0062,Black Tea,46,500,360,27,CAT014,SUP062,LOC002
PRD0063,Pear,82,445,320,65,CAT003,SUP063,LOC003
PRD0064,Olive Oil,100,600,432,92,CAT005,SUP064,LOC004
PRD0065,Ricotta Cheese,51,600,432,53,CAT010,SUP065,LOC005
PRD0066,Black Coffee,61,1500,1080,43,CAT002,SUP066,LOC001
PRD0067,White Tea,99,2500,1800,87,CAT014,SUP067,LOC002
PRD0068,Cucumber,13,180,129,60,CAT011,SUP068,LOC003
PRD0069,Mozzarella Cheese,45,700,504,63,CAT010,SUP069,LOC004
PRD0070,Broccoli,73,400,288,87,CAT011,SUP070,LOC005
PRD0071,Eggplant,39,300,216,21,CAT006,SUP071,LOC001
PRD0072,Trout,29,1200,864,72,CAT012,SUP072,LOC002
PRD0073,Heavy Cream,12,400,288,60,CAT007,SUP073,LOC003
PRD0074,Bell Pepper,96,445,320,33,CAT011,SUP074,LOC004
PRD0075,Onion,35,200,144,92,CAT011,SUP075,LOC005
PRD0076,Sardines,89,600,432,34,CAT012,SUP076,LOC001
PRD0077,Mango,60,450,324,36,CAT003,SUP077,LOC002
PRD0078,Arborio Rice,20,450,324,34,CAT001,SUP078,LOC003
PRD0079,Potato,28,120,86,40,CAT011,SUP079,LOC004
PRD0080,Corn Oil,20,250,180,55,CAT005,SUP080,LOC005
PRD0081,Butter Biscuit,38,600,432,93,CAT013,SUP081,LOC001
PRD0082,Peas,99,300,216,1,CAT015,SUP082,LOC002
PRD0083,Cream,92,250,180,52,CAT007,SUP083,LOC003
PRD0084,Spinach,41,240,172,29,CAT011,SUP084,LOC004
PRD0085,Sardines,44,600,432,67,CAT012,SUP085,LOC005
PRD0086,White Sugar,47,200,144,7,CAT008,SUP086,LOC001
PRD0087,Bread Flour,21,150,108,63,CAT004,SUP087,LOC002
PRD0088,Cucumber,85,180,129,33,CAT011,SUP088,LOC003
PRD0089,Swiss Cheese,29,800,576,4,CAT010,SUP089,LOC004
PRD0090,Peanut Oil,64,400,288,21,CAT005,SUP090,LOC005
PRD0091,Blueberries,66,1000,720,40,CAT015,SUP091,LOC001
PRD0092,Chocolate Biscuit,75,500,360,81,CAT013,SUP092,LOC002
PRD0093,Cheese,53,900,648,63,CAT010,SUP093,LOC003
PRD0094,Palm Oil,43,180,129,63,CAT005,SUP094,LOC004
PRD0095,Eggplant,74,300,216,30,CAT006,SUP095,LOC005
PRD0096,Garlic,27,700,504,22,CAT015,SUP096,LOC001
PRD0097,Jasmine Rice,91,475,342,73,CAT001,SUP097,LOC002
PRD0098,Rice Flour,52,200,144,81,CAT001,SUP098,LOC003
PRD0099,Zucchini,43,250,180,66,CAT011,SUP099,LOC004
PRD0100,Multigrain Bread,56,320,230,86,CAT009,SUP100,LOC005
PRD0101,Ricotta Cheese,66,600,432,40,CAT010,SUP101,LOC001
PRD0102,Bread Flour,84,150,108,92,CAT004,SUP102,LOC002
PRD0103,Cottage Cheese,37,500,360,5,CAT010,SUP103,LOC003
PRD0104,Whipped Cream,29,400,288,36,CAT007,SUP104,LOC004
PRD0105,Almond Flour,13,950,684,88,CAT004,SUP105,LOC005
PRD0106,Lemon,63,250,180,81,CAT003,SUP106,LOC001
PRD0107,Tilapia,95,700,504,63,CAT016,SUP107,LOC002
PRD0108,Lettuce,58,200,144,5,CAT015,SUP108,LOC003
PRD0109,Peanut Oil,57,400,288,36,CAT005,SUP109,LOC004
PRD0110,Sardines,33,600,432,18,CAT012,SUP110,LOC005
PRD0111,Arabica Coffee,62,2000,1440,89,CAT002,SUP111,LOC001
PRD0112,Coconut,89,500,360,57,CAT015,SUP112,LOC002
PRD0113,Cod,23,800,576,42,CAT016,SUP113,LOC003
PRD0114,Banana,56,9843,7086,12,CAT003,SUP114,LOC004
PRD0115,Black Rice,86,610,439,100,CAT001,SUP115,LOC005
PRD0116,Pomegranate,60,600,432,61,CAT015,SUP116,LOC001
PRD0117,Pineapple,70,350,252,30,CAT003,SUP117,LOC002
PRD0118,Peach,47,400,288,72,CAT015,SUP118,LOC003
PRD0119,Arborio Rice,95,450,324,93,CAT001,SUP119,LOC004
PRD0120,Plum,20,385,277,42,CAT003,SUP120,LOC005
PRD0121,Sushi Rice,19,430,309,17,CAT001,SUP121,LOC001
PRD0122,Arabica Coffee,74,2100,1512,72,CAT002,SUP122,LOC002
PRD0123,Pear,61,450,324,50,CAT003,SUP123,LOC003
PRD0124,Sourdough Bread,34,400,288,42,CAT009,SUP124,LOC004
PRD0125,Pear,29,450,324,20,CAT003,SUP125,LOC005
PRD0126,Heavy Cream,14,420,302,99,CAT007,SUP126,LOC001
PRD0127,White Rice,20,180,129,20,CAT001,SUP127,LOC002
PRD0128,Cauliflower,40,320,230,38,CAT017,SUP128,LOC003
PRD0129,Canola Oil,91,230,165,82,CAT005,SUP129,LOC004
PRD0130,Avocado Oil,99,1000,720,96,CAT005,SUP130,LOC005
PRD0131,Bread Flour,34,150,108,46,CAT004,SUP131,LOC001
PRD0132,Gouda Cheese,100,700,504,21,CAT010,SUP132,LOC002
PRD0133,Black Rice,79,600,432,98,CAT001,SUP133,LOC003
PRD0134,Greek Yogurt,62,300,216,2,CAT007,SUP134,LOC004
PRD0135,Tuna,25,1800,1296,44,CAT012,SUP135,LOC005
PRD0136,Buttermilk,47,250,180,2,CAT007,SUP136,LOC001
PRD0137,Orange,15,300,216,44,CAT003,SUP137,LOC002
PRD0138,Pomegranate,19,600,432,65,CAT015,SUP138,LOC003
PRD0139,Tuna,58,1800,1296,77,CAT012,SUP139,LOC004
PRD0140,Sour Cream,11,400,288,30,CAT007,SUP140,LOC005
PRD0141,Rice Flour,99,200,144,44,CAT001,SUP141,LOC001
PRD0142,Long Grain Rice,26,150,108,82,CAT001,SUP142,LOC002
PRD0143,Bell Pepper,70,450,324,31,CAT011,SUP143,LOC003
PRD0144,Bell Pepper,50,450,324,3,CAT011,SUP144,LOC004
PRD0145,Pineapple,55,350,252,91,CAT003,SUP145,LOC005
PRD0146,Cod,31,800,576,87,CAT016,SUP146,LOC001
PRD0147,Green Tea,63,800,576,92,CAT014,SUP147,LOC002
PRD0148,Sardines,73,600,432,31,CAT012,SUP148,LOC003
PRD0149,Sourdough Bread,12,400,288,86,CAT009,SUP149,LOC004
PRD0150,Short Grain Rice,53,300,216,86,CAT001,SUP150,LOC005
PRD0151,Powdered Sugar,68,250,180,7,CAT008,SUP151,LOC001
PRD0152,Swiss Cheese,80,810,583,9,CAT010,SUP152,LOC002
PRD0153,Tuna,92,1800,1296,68,CAT012,SUP153,LOC003
PRD0154,Cucumber,31,180,129,98,CAT011,SUP154,LOC004
PRD0155,Eggplant,31,300,216,44,CAT006,SUP155,LOC005
PRD0156,Garlic,76,700,504,97,CAT015,SUP156,LOC001
PRD0157,Vegetable Oil,57,200,144,99,CAT005,SUP157,LOC002
PRD0158,Whipped Cream,92,400,288,99,CAT007,SUP158,LOC003
PRD0159,Cheddar Cheese,88,900,648,74,CAT010,SUP159,LOC004
PRD0160,Coconut,99,500,360,8,CAT015,SUP160,LOC005
PRD0161,Egg (Turkey),44,250,180,84,CAT006,SUP161,LOC001
PRD0162,Herbal Tea,48,3100,2232,77,CAT014,SUP162,LOC002
PRD0163,Sesame Oil,27,650,468,92,CAT005,SUP163,LOC003
PRD0164,Black Rice,34,615,442,96,CAT001,SUP164,LOC004
PRD0165,Orange,41,300,216,94,CAT003,SUP165,LOC005
PRD0166,Black Tea,56,500,360,12,CAT014,SUP166,LOC001
PRD0167,Asparagus,22,500,360,40,CAT015,SUP167,LOC002
PRD0168,Palm Oil,40,180,129,2,CAT005,SUP168,LOC003
PRD0169,Swiss Cheese,50,800,576,99,CAT010,SUP169,LOC004
PRD0170,Mango,89,480,345,92,CAT003,SUP170,LOC005
PRD0171,Egg (Turkey),76,250,180,54,CAT006,SUP171,LOC001
PRD0172,Whole Wheat Flour,67,275,198,60,CAT004,SUP172,LOC002
PRD0173,Robusta Coffee,62,1000,720,78,CAT002,SUP173,LOC003
PRD0174,Watermelon,75,300,216,10,CAT015,SUP174,LOC004
PRD0175,Green Coffee,75,1250,900,47,CAT002,SUP175,LOC005
PRD0176,Cream,29,250,180,32,CAT007,SUP176,LOC001
PRD0177,Oatmeal Biscuit,34,500,360,55,CAT013,SUP177,LOC002
PRD0178,Green Tea,15,800,576,66,CAT014,SUP178,LOC003
PRD0179,Anchovies,88,1000,720,56,CAT016,SUP179,LOC004
PRD0180,Cheddar Cheese,40,900,648,81,CAT010,SUP180,LOC005
PRD0181,Avocado Oil,10,1000,720,86,CAT005,SUP181,LOC001
PRD0182,Arabica Coffee,21,2100,1512,87,CAT002,SUP182,LOC002
PRD0183,Trout,75,1200,864,25,CAT012,SUP183,LOC003
PRD0184,Cod,56,800,576,50,CAT016,SUP184,LOC004
PRD0185,Rye Bread,69,300,216,65,CAT009,SUP185,LOC005
PRD0186,Basmati Rice,56,450,324,53,CAT001,SUP186,LOC001
PRD0187,White Sugar,24,200,144,69,CAT008,SUP187,LOC002
PRD0188,Sourdough Bread,30,450,324,85,CAT009,SUP188,LOC003
PRD0189,White Tea,36,2500,1800,90,CAT014,SUP189,LOC004
PRD0190,White Bread,93,250,180,76,CAT009,SUP190,LOC005
PRD0191,Mozzarella Cheese,96,700,504,38,CAT010,SUP191,LOC001
PRD0192,Peanut Oil,60,400,288,88,CAT005,SUP192,LOC002
PRD0193,Gouda Cheese,97,700,504,77,CAT010,SUP193,LOC003
PRD0194,Chocolate Biscuit,11,500,360,6,CAT013,SUP194,LOC004
PRD0195,Pomegranate,14,600,432,66,CAT015,SUP195,LOC005
PRD0196,Sunflower Oil,88,250,180,100,CAT005,SUP196,LOC001
PRD0197,Jasmine Rice,24,475,342,15,CAT001,SUP197,LOC002
PRD0198,Haddock,93,900,648,62,CAT012,SUP198,LOC003
PRD0199,Black Rice,68,600,432,68,CAT001,SUP199,LOC004
PRD0200,Rye Bread,28,280,201,94,CAT009,SUP200,LOC005
PRD0201,Lime,21,200,144,30,CAT015,SUP201,LOC001
PRD0202,Pomegranate,92,600,432,96,CAT015,SUP202,LOC002
PRD0203,Robusta Coffee,68,1000,720,12,CAT002,SUP203,LOC003
PRD0204,Multigrain Bread,46,350,252,43,CAT009,SUP204,LOC004
PRD0205,Cucumber,47,175,126,20,CAT011,SUP205,LOC005
PRD0206,Olive Oil,52,600,432,88,CAT005,SUP206,LOC001
PRD0207,Mushrooms,51,600,432,62,CAT011,SUP207,LOC002
PRD0208,Egg (Goose),14,250,180,63,CAT006,SUP208,LOC003
PRD0209,Greek Yogurt,62,5117,3684,44,CAT007,SUP209,LOC004
PRD0210,Peach,40,400,288,53,CAT015,SUP210,LOC005
PRD0211,White Tea,50,2550,1836,100,CAT014,SUP211,LOC001
PRD0212,Sushi Rice,77,425,306,20,CAT001,SUP212,LOC002
PRD0213,Strawberries,31,590,424,89,CAT003,SUP213,LOC003
PRD0214,Mushrooms,35,650,468,19,CAT011,SUP214,LOC004
PRD0215,Broccoli,31,400,288,54,CAT011,SUP215,LOC005
PRD0216,White Bread,56,250,180,62,CAT009,SUP216,LOC001
PRD0217,Greek Yogurt,90,300,216,62,CAT007,SUP217,LOC002
PRD0218,Canola Oil,79,230,165,31,CAT005,SUP218,LOC003
PRD0219,Lime,29,200,144,83,CAT015,SUP219,LOC004
PRD0220,Canola Oil,46,230,165,51,CAT005,SUP220,LOC005
PRD0221,Blueberries,42,1000,720,4,CAT015,SUP221,LOC001
PRD0222,Mozzarella Cheese,16,720,518,56,CAT010,SUP222,LOC002
PRD0223,Tuna,89,1800,1296,95,CAT012,SUP223,LOC003
PRD0224,White Tea,20,2500,1800,43,CAT014,SUP224,LOC004
PRD0225,Black Coffee,37,1500,1080,94,CAT002,SUP225,LOC005
PRD0226,Bread Flour,97,150,108,41,CAT004,SUP226,LOC001
PRD0227,Feta Cheese,98,700,504,77,CAT010,SUP227,LOC002
PRD0228,Kiwi,37,600,432,8,CAT003,SUP228,LOC003
PRD0229,Digestive Biscuit,97,400,288,99,CAT013,SUP229,LOC004
PRD0230,Arabica Coffee,97,2000,1440,77,CAT002,SUP230,LOC005
PRD0231,Lemon,90,250,180,92,CAT003,SUP231,LOC001
PRD0232,Arabica Coffee,46,2000,1440,31,CAT002,SUP232,LOC002
PRD0233,Broccoli,40,400,288,8,CAT011,SUP233,LOC003
PRD0234,Kale,77,400,288,52,CAT015,SUP234,LOC004
PRD0235,Bread Flour,62,150,108,79,CAT004,SUP235,LOC005
PRD0236,Herbal Tea,59,3000,2160,17,CAT014,SUP236,LOC001
PRD0237,Blueberries,23,1000,720,38,CAT015,SUP237,LOC002
PRD0238,Digestive Biscuit,39,400,288,16,CAT013,SUP238,LOC003
PRD0239,Gouda Cheese,68,700,504,29,CAT010,SUP239,LOC004
PRD0240,Almond Flour,75,950,684,46,CAT004,SUP240,LOC005
PRD0241,Chocolate Biscuit,96,500,360,16,CAT013,SUP241,LOC001
PRD0242,Haddock,17,900,648,38,CAT012,SUP242,LOC002
PRD0243,Egg (Duck),23,100,72,38,CAT006,SUP243,LOC003
PRD0244,Peach,15,400,288,27,CAT015,SUP244,LOC004
PRD0245,Mackerel,71,750,540,7,CAT016,SUP245,LOC005
PRD0246,Egg (Goose),97,250,180,26,CAT006,SUP246,LOC001
PRD0247,Zucchini,29,250,180,18,CAT011,SUP247,LOC002
PRD0248,Bell Pepper,46,460,331,64,CAT011,SUP248,LOC003
PRD0249,Cheese,76,950,684,15,CAT010,SUP249,LOC004
PRD0250,Zucchini,59,250,180,91,CAT011,SUP250,LOC005
PRD0251,Orange,92,310,223,54,CAT003,SUP251,LOC001
PRD0252,Kiwi,28,600,432,27,CAT003,SUP252,LOC002
PRD0253,Coconut,19,500,360,47,CAT015,SUP253,LOC003
PRD0254,Butter,85,300,216,28,CAT007,SUP254,LOC004
PRD0255,Bread Flour,57,150,108,63,CAT004,SUP255,LOC005
PRD0256,Broccoli,95,400,288,29,CAT011,SUP256,LOC001
PRD0257,Sushi Rice,84,450,324,69,CAT001,SUP257,LOC002
PRD0258,Rice Flour,31,200,144,32,CAT001,SUP258,LOC003
PRD0259,Pear,41,450,324,52,CAT003,SUP259,LOC004
PRD0260,Feta Cheese,97,700,504,57,CAT010,SUP260,LOC005
PRD0261,Milk,43,100,72,88,CAT018,SUP261,LOC001
PRD0262,Palm Oil,74,180,129,4,CAT005,SUP262,LOC002
PRD0263,Bread Flour,70,150,108,96,CAT004,SUP263,LOC003
PRD0264,Cheese,69,920,662,53,CAT010,SUP264,LOC004
PRD0265,Carrot,67,150,108,68,CAT011,SUP265,LOC005
PRD0266,Short Grain Rice,18,300,216,62,CAT001,SUP266,LOC001
PRD0267,Arabica Coffee,22,2100,1512,89,CAT002,SUP267,LOC002
PRD0268,Grapes,88,550,396,99,CAT015,SUP268,LOC003
PRD0269,Tilapia,78,700,504,75,CAT016,SUP269,LOC004
PRD0270,Olive Oil,83,600,432,52,CAT005,SUP270,LOC005
PRD0271,Robusta Coffee,42,1050,756,88,CAT002,SUP271,LOC001
PRD0272,Peas,49,300,216,46,CAT015,SUP272,LOC002
PRD0273,Brown Rice,17,250,180,88,CAT001,SUP273,LOC003
PRD0274,Buttermilk,52,240,172,64,CAT007,SUP274,LOC004
PRD0275,Mushrooms,79,600,432,45,CAT011,SUP275,LOC005
PRD0276,Palm Oil,35,180,129,41,CAT005,SUP276,LOC001
PRD0277,Cucumber,76,180,129,11,CAT011,SUP277,LOC002
PRD0278,Swiss Cheese,93,800,576,8,CAT010,SUP278,LOC003
PRD0279,Halibut,40,2000,1440,81,CAT016,SUP279,LOC004
PRD0280,Trout,19,1150,828,94,CAT012,SUP280,LOC005
PRD0281,Vegetable Oil,70,200,144,96,CAT005,SUP281,LOC001
PRD0282,Digestive Biscuit,90,400,288,52,CAT013,SUP282,LOC002
PRD0283,Digestive Biscuit,77,400,288,79,CAT013,SUP283,LOC003
PRD0284,Apricot,38,500,360,22,CAT015,SUP284,LOC004
PRD0285,Tilapia,93,700,504,25,CAT016,SUP285,LOC005
PRD0286,Evaporated Milk,23,200,144,100,CAT018,SUP286,LOC001
PRD0287,Green Tea,51,760,547,1,CAT014,SUP287,LOC002
PRD0288,Heavy Cream,57,400,288,62,CAT007,SUP288,LOC003
PRD0289,Papaya,59,450,324,74,CAT015,SUP289,LOC004
PRD0290,Blueberries,89,1000,720,15,CAT015,SUP290,LOC005
PRD0291,Blueberries,53,1000,720,98,CAT015,SUP291,LOC001
PRD0292,Plum,11,390,280,56,CAT003,SUP292,LOC002
PRD0293,Yogurt,59,175,126,27,CAT007,SUP293,LOC003
PRD0294,Onion,34,200,144,29,CAT011,SUP294,LOC004
PRD0295,Tuna,25,1800,1296,75,CAT012,SUP295,LOC005
PRD0296,Anchovies,81,1000,720,22,CAT016,SUP296,LOC001
PRD0297,Apple,81,350,252,74,CAT003,SUP297,LOC002
PRD0298,Watermelon,71,300,216,4,CAT015,SUP298,LOC003
PRD0299,Cauliflower,52,250,180,22,CAT015,SUP299,LOC004
PRD0300,Greek Yogurt,26,300,216,54,CAT007,SUP300,LOC005
PRD0301,Haddock,84,900,648,8,CAT012,SUP301,LOC001
PRD0302,Blueberries,28,1000,720,86,CAT015,SUP302,LOC002
PRD0303,Strawberries,94,600,432,77,CAT003,SUP303,LOC003
PRD0304,Kiwi,47,600,432,75,CAT003,SUP304,LOC004
PRD0305,Coconut Sugar,20,500,360,51,CAT008,SUP305,LOC005
PRD0306,Tomato,84,250,180,20,CAT015,SUP306,LOC001
PRD0307,Cheese,100,900,648,31,CAT010,SUP307,LOC002
PRD0308,Milk,74,100,72,90,CAT018,SUP308,LOC003
PRD0309,Green Coffee,27,1200,864,12,CAT002,SUP309,LOC004
PRD0310,Eggplant,91,300,216,55,CAT006,SUP310,LOC005
PRD0311,Grapes,82,550,396,21,CAT015,SUP311,LOC001
PRD0312,Bread Flour,84,150,108,91,CAT004,SUP312,LOC002
PRD0313,Halibut,18,2000,1440,46,CAT016,SUP313,LOC003
PRD0314,Sourdough Bread,12,450,324,59,CAT009,SUP314,LOC004
PRD0315,Black Rice,85,650,468,4,CAT001,SUP315,LOC005
PRD0316,Butter Biscuit,33,600,432,60,CAT013,SUP316,LOC001
PRD0317,Tilapia,59,700,504,59,CAT016,SUP317,LOC002
PRD0318,Grapes,22,550,396,69,CAT015,SUP318,LOC003
PRD0319,Gouda Cheese,67,700,504,79,CAT010,SUP319,LOC004
PRD0320,Cheese,78,900,648,24,CAT010,SUP320,LOC005
PRD0321,Lemon,72,245,176,32,CAT003,SUP321,LOC001
PRD0322,Heavy Cream,63,400,288,48,CAT007,SUP322,LOC002
PRD0323,White Bread,30,250,180,91,CAT009,SUP323,LOC003
PRD0324,Arabica Coffee,36,2000,1440,64,CAT002,SUP324,LOC004
PRD0325,Grapes,88,550,396,27,CAT015,SUP325,LOC005
PRD0326,Banana,95,5382,3875,25,CAT003,SUP326,LOC001
PRD0327,Broccoli,30,400,288,59,CAT011,SUP327,LOC002
PRD0328,Green Beans,31,200,144,55,CAT011,SUP328,LOC003
PRD0329,Cod,16,800,576,20,CAT016,SUP329,LOC004
PRD0330,White Sugar,14,200,144,16,CAT008,SUP330,LOC005
PRD0331,Tomato,44,250,180,67,CAT015,SUP331,LOC001
PRD0332,Long Grain Rice,69,150,108,82,CAT001,SUP332,LOC002
PRD0333,Long Grain Rice,71,150,108,10,CAT001,SUP333,LOC003
PRD0334,Carrot,92,160,115,39,CAT011,SUP334,LOC004
PRD0335,Peanut Oil,49,400,288,17,CAT005,SUP335,LOC005
PRD0336,Pomegranate,52,600,432,8,CAT015,SUP336,LOC001
PRD0337,Egg (Turkey),56,250,180,97,CAT006,SUP337,LOC002
PRD0338,Strawberries,16,610,439,23,CAT003,SUP338,LOC003
PRD0339,Zucchini,52,250,180,79,CAT011,SUP339,LOC004
PRD0340,Trout,91,1150,828,68,CAT012,SUP340,LOC005
PRD0341,Mango,58,470,338,58,CAT003,SUP341,LOC001
PRD0342,Halibut,47,2000,1440,29,CAT016,SUP342,LOC002
PRD0343,Rye Bread,50,300,216,56,CAT009,SUP343,LOC003
PRD0344,Sour Cream,43,400,288,73,CAT007,SUP344,LOC004
PRD0345,Cheddar Cheese,68,890,640,60,CAT010,SUP345,LOC005
PRD0346,Egg (Turkey),19,250,180,100,CAT006,SUP346,LOC001
PRD0347,Swiss Cheese,70,800,576,84,CAT010,SUP347,LOC002
PRD0348,Eggplant,97,300,216,20,CAT006,SUP348,LOC003
PRD0349,Sunflower Oil,87,250,180,24,CAT005,SUP349,LOC004
PRD0350,White Tea,58,2500,1800,81,CAT014,SUP350,LOC005
PRD0351,Coconut,16,500,360,53,CAT015,SUP351,LOC001
PRD0352,Pineapple,65,350,252,35,CAT003,SUP352,LOC002
PRD0353,Basmati Rice,15,450,324,49,CAT001,SUP353,LOC003
PRD0354,Bell Pepper,75,450,324,85,CAT011,SUP354,LOC004
PRD0355,Vanilla Biscuit,80,550,396,61,CAT013,SUP355,LOC005
PRD0356,Orange,84,285,205,95,CAT003,SUP356,LOC001
PRD0357,Eggplant,17,300,216,3,CAT006,SUP357,LOC002
PRD0358,Evaporated Milk,64,190,136,31,CAT018,SUP358,LOC003
PRD0359,Whipped Cream,76,400,288,81,CAT007,SUP359,LOC004
PRD0360,Sesame Oil,77,650,468,95,CAT005,SUP360,LOC005
PRD0361,Cream,18,250,180,14,CAT007,SUP361,LOC001
PRD0362,Coconut Sugar,51,500,360,55,CAT008,SUP362,LOC002
PRD0363,Asparagus,68,500,360,12,CAT015,SUP363,LOC003
PRD0364,Wild Rice,46,1000,720,6,CAT001,SUP364,LOC004
PRD0365,Long Grain Rice,98,150,108,40,CAT001,SUP365,LOC005
PRD0366,Onion,50,200,144,20,CAT011,SUP366,LOC001
PRD0367,Salmon,88,1500,1080,83,CAT012,SUP367,LOC002
PRD0368,Potato,26,120,86,16,CAT011,SUP368,LOC003
PRD0369,Green Coffee,43,1200,864,38,CAT002,SUP369,LOC004
PRD0370,Powdered Sugar,46,250,180,20,CAT008,SUP370,LOC005
PRD0371,Cauliflower,19,245,176,73,CAT015,SUP371,LOC001
PRD0372,Kale,61,400,288,100,CAT015,SUP372,LOC002
PRD0373,Garlic,43,700,504,40,CAT015,SUP373,LOC003
PRD0374,Green Tea,80,850,612,54,CAT014,SUP374,LOC004
PRD0375,Green Tea,34,800,576,47,CAT014,SUP375,LOC005
PRD0376,Green Tea,88,800,576,50,CAT014,SUP376,LOC001
PRD0377,Cottage Cheese,89,500,360,42,CAT010,SUP377,LOC002
PRD0378,Wild Rice,26,1000,720,21,CAT001,SUP378,LOC003
PRD0379,Pear,26,450,324,95,CAT003,SUP379,LOC004
PRD0380,Peach,37,400,288,38,CAT015,SUP380,LOC005
PRD0381,Yogurt,76,175,126,98,CAT007,SUP381,LOC001
PRD0382,Feta Cheese,80,700,504,43,CAT010,SUP382,LOC002
PRD0383,Sweet Potato,100,200,144,3,CAT011,SUP383,LOC003
PRD0384,Butter,21,310,223,87,CAT007,SUP384,LOC004
PRD0385,Coconut Oil,33,500,360,78,CAT005,SUP385,LOC005
PRD0386,Apple,43,350,252,63,CAT003,SUP386,LOC001
PRD0387,Mushrooms,34,620,446,1,CAT011,SUP387,LOC002
PRD0388,Mackerel,82,750,540,25,CAT016,SUP388,LOC003
PRD0389,Whole Wheat Bread,17,350,252,63,CAT009,SUP389,LOC004
PRD0390,Sushi Rice,36,475,342,81,CAT001,SUP390,LOC005
PRD0391,Cod,65,800,576,79,CAT016,SUP391,LOC001
PRD0392,Papaya,45,450,324,28,CAT015,SUP392,LOC002
PRD0393,Egg (Goose),35,250,180,78,CAT006,SUP393,LOC003
PRD0394,Bread Flour,96,150,108,83,CAT004,SUP394,LOC004
PRD0395,Coconut,56,500,360,75,CAT015,SUP395,LOC005
PRD0396,Ricotta Cheese,49,600,432,94,CAT010,SUP396,LOC001
PRD0397,Raw Sugar,100,150,108,10,CAT008,SUP397,LOC002
PRD0398,Haddock,30,900,648,81,CAT012,SUP398,LOC003
PRD0399,Papaya,20,450,324,91,CAT015,SUP399,LOC004
PRD0400,Sesame Oil,85,650,468,15,CAT005,SUP400,LOC005
PRD0401,Green Beans,86,210,151,90,CAT011,SUP401,LOC001
PRD0402,Sourdough Bread,65,400,288,79,CAT009,SUP402,LOC002
PRD0403,Cottage Cheese,67,500,360,98,CAT010,SUP403,LOC003
PRD0404,Ricotta Cheese,88,600,432,4,CAT010,SUP404,LOC004
PRD0405,Robusta Coffee,14,1000,720,77,CAT002,SUP405,LOC005
PRD0406,Tilapia,85,670,482,92,CAT016,SUP406,LOC001
PRD0407,Feta Cheese,74,700,504,65,CAT010,SUP407,LOC002
PRD0408,Cheddar Cheese,21,900,648,28,CAT010,SUP408,LOC003
PRD0409,Butter Biscuit,22,600,432,24,CAT013,SUP409,LOC004
PRD0410,Ricotta Cheese,91,600,432,14,CAT010,SUP410,LOC005
PRD0411,Multigrain Bread,85,350,252,57,CAT009,SUP411,LOC001
PRD0412,Peas,12,300,216,28,CAT015,SUP412,LOC002
PRD0413,Pomegranate,43,600,432,65,CAT015,SUP413,LOC003
PRD0414,Yogurt,92,175,126,92,CAT007,SUP414,LOC004
PRD0415,Watermelon,23,300,216,85,CAT015,SUP415,LOC005
PRD0416,Egg (Duck),77,100,72,1,CAT006,SUP416,LOC001
PRD0417,Sweet Potato,65,200,144,10,CAT011,SUP417,LOC002
PRD0418,Banana,82,1531,1102,29,CAT003,SUP418,LOC003
PRD0419,Swiss Cheese,20,800,576,17,CAT010,SUP419,LOC004
PRD0420,Cheddar Cheese,31,900,648,65,CAT010,SUP420,LOC005
PRD0421,Butter,36,290,208,75,CAT007,SUP421,LOC001
PRD0422,Black Tea,59,500,360,20,CAT014,SUP422,LOC002
PRD0423,Long Grain Rice,11,150,108,10,CAT001,SUP423,LOC003
PRD0424,Black Coffee,24,1550,1116,77,CAT002,SUP424,LOC004
PRD0425,Haddock,75,900,648,80,CAT012,SUP425,LOC005
PRD0426,Black Coffee,11,1500,1080,72,CAT002,SUP426,LOC001
PRD0427,Anchovies,60,1000,720,64,CAT016,SUP427,LOC002
PRD0428,Lemon,91,240,172,6,CAT003,SUP428,LOC003
PRD0429,Egg (Goose),43,250,180,78,CAT006,SUP429,LOC004
PRD0430,Bread Flour,25,150,108,60,CAT004,SUP430,LOC005
PRD0431,Parmesan Cheese,96,1180,849,9,CAT010,SUP431,LOC001
PRD0432,Mackerel,30,750,540,29,CAT016,SUP432,LOC002
PRD0433,Arborio Rice,56,450,324,4,CAT001,SUP433,LOC003
PRD0434,Whole Wheat Bread,91,350,252,71,CAT009,SUP434,LOC004
PRD0435,White Sugar,27,200,144,64,CAT008,SUP435,LOC005
PRD0436,Buttermilk,28,245,176,90,CAT007,SUP436,LOC001
PRD0437,Sour Cream,92,400,288,67,CAT007,SUP437,LOC002
PRD0438,Tuna,37,1800,1296,33,CAT012,SUP438,LOC003
PRD0439,Powdered Sugar,28,250,180,24,CAT008,SUP439,LOC004
PRD0440,Tilapia,30,700,504,42,CAT016,SUP440,LOC005
PRD0441,Arabica Coffee,98,2000,1440,83,CAT002,SUP441,LOC001
PRD0442,Lemon,65,250,180,88,CAT003,SUP442,LOC002
PRD0443,Rice Flour,42,200,144,3,CAT001,SUP443,LOC003
PRD0444,Lemon,63,250,180,60,CAT003,SUP444,LOC004
PRD0445,Broccoli,85,400,288,54,CAT011,SUP445,LOC005
PRD0446,Egg (Duck),44,100,72,75,CAT006,SUP446,LOC001
PRD0447,Plum,26,400,288,69,CAT003,SUP447,LOC002
PRD0448,Coconut Sugar,49,500,360,59,CAT008,SUP448,LOC003
PRD0449,Pomegranate,59,600,432,79,CAT015,SUP449,LOC004
PRD0450,Raw Sugar,19,150,108,81,CAT008,SUP450,LOC005
PRD0451,Eggplant,47,300,216,41,CAT006,SUP451,LOC001
PRD0452,Grapes,98,550,396,62,CAT015,SUP452,LOC002
PRD0453,Watermelon,51,300,216,72,CAT015,SUP453,LOC003
PRD0454,Anchovies,100,1000,720,99,CAT016,SUP454,LOC004
PRD0455,Yogurt,55,170,122,50,CAT007,SUP455,LOC005
PRD0456,Whipped Cream,14,400,288,87,CAT007,SUP456,LOC001
PRD0457,Egg (Quail),29,80,57,33,CAT006,SUP457,LOC002
PRD0458,Chocolate Biscuit,100,500,360,1,CAT013,SUP458,LOC003
PRD0459,Ricotta Cheese,49,600,432,28,CAT010,SUP459,LOC004
PRD0460,Vegetable Oil,75,200,144,61,CAT005,SUP460,LOC005
PRD0461,Heavy Cream,82,410,295,12,CAT007,SUP461,LOC001
PRD0462,Cottage Cheese,68,480,345,82,CAT010,SUP462,LOC002
PRD0463,Corn Oil,70,250,180,96,CAT005,SUP463,LOC003
PRD0464,Salmon,49,1500,1080,48,CAT012,SUP464,LOC004
PRD0465,Mackerel,89,750,540,26,CAT016,SUP465,LOC005
PRD0466,Cheese,88,900,648,53,CAT010,SUP466,LOC001
PRD0467,Green Tea,39,800,576,88,CAT014,SUP467,LOC002
PRD0468,Cauliflower,87,250,180,91,CAT015,SUP468,LOC003
PRD0469,Oatmeal Biscuit,93,500,360,50,CAT013,SUP469,LOC004
PRD0470,Egg (Turkey),23,240,172,21,CAT006,SUP470,LOC005
PRD0471,Vanilla Biscuit,94,550,396,34,CAT013,SUP471,LOC001
PRD0472,Digestive Biscuit,38,400,288,43,CAT013,SUP472,LOC002
PRD0473,Evaporated Milk,11,200,144,9,CAT018,SUP473,LOC003
PRD0474,White Tea,60,2530,1821,27,CAT014,SUP474,LOC004
PRD0475,Avocado Oil,50,1000,720,36,CAT005,SUP475,LOC005
PRD0476,Egg (Goose),90,250,180,3,CAT006,SUP476,LOC001
PRD0477,Arborio Rice,86,450,324,80,CAT001,SUP477,LOC002
PRD0478,Cauliflower,86,250,180,66,CAT015,SUP478,LOC003
PRD0479,Almond Flour,54,950,684,17,CAT004,SUP479,LOC004
PRD0480,Watermelon,27,300,216,64,CAT015,SUP480,LOC005
PRD0481,Rye Bread,50,300,216,58,CAT009,SUP481,LOC001
PRD0482,Onion,68,200,144,10,CAT011,SUP482,LOC002
PRD0483,Sourdough Bread,22,420,302,60,CAT009,SUP483,LOC003
PRD0484,Cheese,50,920,662,14,CAT010,SUP484,LOC004
PRD0485,Bell Pepper,26,440,316,12,CAT011,SUP485,LOC005
PRD0486,White Tea,62,2500,1800,31,CAT014,SUP486,LOC001
PRD0487,Broccoli,79,400,288,72,CAT011,SUP487,LOC002
PRD0488,Peach,73,400,288,90,CAT015,SUP488,LOC003
PRD0489,Carrot,18,145,104,50,CAT011,SUP489,LOC004
PRD0490,Kale,79,400,288,74,CAT015,SUP490,LOC005
PRD0491,Arabica Coffee,23,2000,1440,13,CAT002,SUP491,LOC001
PRD0492,Milk,18,100,72,64,CAT018,SUP492,LOC002
PRD0493,Sunflower Oil,24,250,180,35,CAT005,SUP493,LOC003
PRD0494,Watermelon,53,300,216,41,CAT015,SUP494,LOC004
PRD0495,Yogurt,85,175,126,83,CAT007,SUP495,LOC005
PRD0496,Sesame Oil,15,650,468,34,CAT005,SUP496,LOC001
PRD0497,Anchovies,66,1000,720,49,CAT016,SUP497,LOC002
PRD0498,Corn Oil,17,250,180,63,CAT005,SUP498,LOC003
PRD0499,Grapes,13,550,396,61,CAT015,SUP499,LOC004
PRD0500,Digestive Biscuit,34,400,288,49,CAT013,SUP500,LOC005
PRD0501,Swiss Cheese,85,800,576,89,CAT010,SUP501,LOC001
PRD0502,Cabbage,12,100,72,95,CAT011,SUP502,LOC002
PRD0503,Oatmeal Biscuit,82,500,360,6,CAT013,SUP503,LOC003
PRD0504,Sourdough Bread,71,400,288,97,CAT009,SUP504,LOC004
PRD0505,Mozzarella Cheese,58,700,504,17,CAT010,SUP505,LOC005
PRD0506,Rice Flour,15,200,144,76,CAT001,SUP506,LOC001
PRD0507,Pineapple,68,350,252,25,CAT003,SUP507,LOC002
PRD0508,White Sugar,13,200,144,32,CAT008,SUP508,LOC003
PRD0509,Sesame Oil,45,650,468,7,CAT005,SUP509,LOC004
PRD0510,Egg (Goose),40,245,176,22,CAT006,SUP510,LOC005
PRD0511,Black Coffee,62,1550,1116,23,CAT002,SUP511,LOC001
PRD0512,Peanut Oil,79,400,288,3,CAT005,SUP512,LOC002
PRD0513,Peas,75,300,216,91,CAT015,SUP513,LOC003
PRD0514,Almond Flour,76,950,684,8,CAT004,SUP514,LOC004
PRD0515,Canola Oil,96,230,165,51,CAT005,SUP515,LOC005
PRD0516,Canola Oil,69,230,165,17,CAT005,SUP516,LOC001
PRD0517,Butter,48,300,216,71,CAT007,SUP517,LOC002
PRD0518,Cream,82,240,172,3,CAT007,SUP518,LOC003
PRD0519,Zucchini,43,250,180,21,CAT011,SUP519,LOC004
PRD0520,Green Coffee,90,1200,864,68,CAT002,SUP520,LOC005
PRD0521,Milk,13,90,64,39,CAT018,SUP521,LOC001
PRD0522,Cabbage,62,100,72,79,CAT011,SUP522,LOC002
PRD0523,Coconut Sugar,17,500,360,85,CAT008,SUP523,LOC003
PRD0524,Sesame Oil,100,650,468,86,CAT005,SUP524,LOC004
PRD0525,All-Purpose Flour,54,175,126,69,CAT004,SUP525,LOC005
PRD0526,Whipped Cream,98,410,295,24,CAT007,SUP526,LOC001
PRD0527,Herbal Tea,20,3050,2196,9,CAT014,SUP527,LOC002
PRD0528,Haddock,43,900,648,7,CAT012,SUP528,LOC003
PRD0529,Green Coffee,29,1200,864,91,CAT002,SUP529,LOC004
PRD0530,Grapes,37,550,396,45,CAT015,SUP530,LOC005
PRD0531,Cheddar Cheese,85,890,640,28,CAT010,SUP531,LOC001
PRD0532,Basmati Rice,26,440,316,67,CAT001,SUP532,LOC002
PRD0533,White Tea,91,2500,1800,78,CAT014,SUP533,LOC003
PRD0534,Ricotta Cheese,50,620,446,46,CAT010,SUP534,LOC004
PRD0535,Trout,98,1200,864,65,CAT012,SUP535,LOC005
PRD0536,Egg (Duck),37,100,72,53,CAT006,SUP536,LOC001
PRD0537,White Bread,78,250,180,68,CAT009,SUP537,LOC002
PRD0538,Cauliflower,48,255,183,27,CAT015,SUP538,LOC003
PRD0539,Arabica Coffee,74,2000,1440,10,CAT002,SUP539,LOC004
PRD0540,Pineapple,18,350,252,7,CAT003,SUP540,LOC005
PRD0541,Cauliflower,95,248,178,66,CAT015,SUP541,LOC001
PRD0542,Egg (Turkey),39,250,180,93,CAT006,SUP542,LOC002
PRD0543,Peas,48,300,216,72,CAT015,SUP543,LOC003
PRD0544,Strawberries,58,590,424,15,CAT003,SUP544,LOC004
PRD0545,Greek Yogurt,39,300,216,55,CAT007,SUP545,LOC005
PRD0546,Papaya,84,440,316,28,CAT015,SUP546,LOC001
PRD0547,Sardines,30,600,432,55,CAT012,SUP547,LOC002
PRD0548,Sesame Oil,14,650,468,84,CAT005,SUP548,LOC003
PRD0549,Powdered Sugar,21,250,180,15,CAT008,SUP549,LOC004
PRD0550,Jasmine Rice,17,475,342,19,CAT001,SUP550,LOC005
PRD0551,Cauliflower,34,250,180,92,CAT015,SUP551,LOC001
PRD0552,Jasmine Rice,56,475,342,48,CAT001,SUP552,LOC002
PRD0553,Plum,64,390,280,71,CAT003,SUP553,LOC003
PRD0554,Grapes,87,550,396,62,CAT015,SUP554,LOC004
PRD0555,Papaya,24,450,324,25,CAT015,SUP555,LOC005
PRD0556,Sushi Rice,47,420,302,1,CAT001,SUP556,LOC001
PRD0557,Digestive Biscuit,61,400,288,8,CAT013,SUP557,LOC002
PRD0558,Rye Bread,48,280,201,2,CAT009,SUP558,LOC003
PRD0559,Chocolate Biscuit,37,500,360,96,CAT013,SUP559,LOC004
PRD0560,Arabica Coffee,45,2000,1440,36,CAT002,SUP560,LOC005
PRD0561,Bread Flour,87,150,108,97,CAT004,SUP561,LOC001
PRD0562,Almond Flour,37,950,684,47,CAT004,SUP562,LOC002
PRD0563,Robusta Coffee,59,1030,741,62,CAT002,SUP563,LOC003
PRD0564,Pomegranate,62,600,432,40,CAT015,SUP564,LOC004
PRD0565,Yogurt,63,170,122,12,CAT007,SUP565,LOC005
PRD0566,Grapes,38,550,396,72,CAT015,SUP566,LOC001
PRD0567,Mackerel,76,750,540,21,CAT016,SUP567,LOC002
PRD0568,Egg (Quail),34,80,57,94,CAT006,SUP568,LOC003
PRD0569,Eggplant,25,300,216,62,CAT006,SUP569,LOC004
PRD0570,Egg (Turkey),86,250,180,16,CAT006,SUP570,LOC005
PRD0571,Oatmeal Biscuit,41,500,360,21,CAT013,SUP571,LOC001
PRD0572,Cauliflower,77,250,180,54,CAT015,SUP572,LOC002
PRD0573,Egg (Duck),41,100,72,61,CAT006,SUP573,LOC003
PRD0574,Orange,44,295,212,8,CAT003,SUP574,LOC004
PRD0575,Avocado Oil,53,1000,720,89,CAT005,SUP575,LOC005
PRD0576,Chocolate Biscuit,68,500,360,29,CAT013,SUP576,LOC001
PRD0577,Swiss Cheese,96,800,576,34,CAT010,SUP577,LOC002
PRD0578,Garlic,33,700,504,4,CAT015,SUP578,LOC003
PRD0579,Cauliflower,33,250,180,89,CAT015,SUP579,LOC004
PRD0580,Watermelon,90,300,216,17,CAT015,SUP580,LOC005
PRD0581,Brown Rice,31,250,180,29,CAT001,SUP581,LOC001
PRD0582,Asparagus,92,500,360,3,CAT015,SUP582,LOC002
PRD0583,Cauliflower,66,250,180,31,CAT015,SUP583,LOC003
PRD0584,Anchovies,83,1000,720,17,CAT016,SUP584,LOC004
PRD0585,Mango,84,500,360,9,CAT003,SUP585,LOC005
PRD0586,Haddock,76,900,648,57,CAT012,SUP586,LOC001
PRD0587,Pomegranate,26,600,432,1,CAT015,SUP587,LOC002
PRD0588,Green Coffee,61,1250,900,31,CAT002,SUP588,LOC003
PRD0589,Evaporated Milk,15,190,136,75,CAT018,SUP589,LOC004
PRD0590,Apricot,73,500,360,83,CAT015,SUP590,LOC005
PRD0591,Whole Wheat Flour,41,265,190,76,CAT004,SUP591,LOC001
PRD0592,Avocado Oil,14,1000,720,75,CAT005,SUP592,LOC002
PRD0593,Mango,99,500,360,59,CAT003,SUP593,LOC003
PRD0594,Asparagus,80,500,360,6,CAT015,SUP594,LOC004
PRD0595,Eggplant,49,300,216,89,CAT006,SUP595,LOC005
PRD0596,Grapes,25,550,396,74,CAT015,SUP596,LOC001
PRD0597,Sesame Oil,39,650,468,78,CAT005,SUP597,LOC002
PRD0598,Orange,94,290,208,58,CAT003,SUP598,LOC003
PRD0599,Sardines,11,600,432,17,CAT012,SUP599,LOC004
PRD0600,Peanut Oil,21,400,288,52,CAT005,SUP600,LOC005
PRD0601,Kiwi,38,570,410,91,CAT003,SUP601,LOC001
PRD0602,Palm Oil,58,180,129,23,CAT005,SUP602,LOC002
PRD0603,Plum,85,385,277,16,CAT003,SUP603,LOC003
PRD0604,Cauliflower,63,250,180,62,CAT015,SUP604,LOC004
PRD0605,Coconut Oil,54,500,360,86,CAT005,SUP605,LOC005
PRD0606,Cherry,30,800,576,25,CAT015,SUP606,LOC001
PRD0607,Cauliflower,57,250,180,25,CAT015,SUP607,LOC002
PRD0608,Vegetable Oil,18,200,144,72,CAT005,SUP608,LOC003
PRD0609,Tuna,16,1800,1296,34,CAT012,SUP609,LOC004
PRD0610,Buttermilk,39,250,180,80,CAT007,SUP610,LOC005
PRD0611,Lemon,59,245,176,82,CAT003,SUP611,LOC001
PRD0612,Salmon,79,1500,1080,28,CAT012,SUP612,LOC002
PRD0613,Egg (Quail),78,80,57,61,CAT006,SUP613,LOC003
PRD0614,Sushi Rice,22,425,306,10,CAT001,SUP614,LOC004
PRD0615,Egg (Chicken),10,20,14,17,CAT006,SUP615,LOC005
PRD0616,Arborio Rice,34,450,324,32,CAT001,SUP616,LOC001
PRD0617,Heavy Cream,74,400,288,62,CAT007,SUP617,LOC002
PRD0618,Sushi Rice,10,430,309,11,CAT001,SUP618,LOC003
PRD0619,Basmati Rice,11,450,324,87,CAT001,SUP619,LOC004
PRD0620,Grapes,99,550,396,68,CAT015,SUP620,LOC005
PRD0621,Swiss Cheese,64,800,576,14,CAT010,SUP621,LOC001
PRD0622,Pear,58,445,320,55,CAT003,SUP622,LOC002
PRD0623,Corn Oil,26,250,180,100,CAT005,SUP623,LOC003
PRD0624,Raw Sugar,72,150,108,72,CAT008,SUP624,LOC004
PRD0625,Mozzarella Cheese,36,710,511,82,CAT010,SUP625,LOC005
PRD0626,Mushrooms,24,600,432,21,CAT011,SUP626,LOC001
PRD0627,Onion,16,200,144,75,CAT011,SUP627,LOC002
PRD0628,Banana,39,1399,1007,19,CAT003,SUP628,LOC003
PRD0629,Zucchini,89,250,180,56,CAT011,SUP629,LOC004
PRD0630,Cherry,57,800,576,82,CAT015,SUP630,LOC005
PRD0631,Herbal Tea,61,3000,2160,22,CAT014,SUP631,LOC001
PRD0632,Short Grain Rice,56,300,216,28,CAT001,SUP632,LOC002
PRD0633,Cream,21,235,169,24,CAT007,SUP633,LOC003
PRD0634,Grapes,59,550,396,29,CAT015,SUP634,LOC004
PRD0635,Green Coffee,20,1200,864,68,CAT002,SUP635,LOC005
PRD0636,Rye Bread,99,300,216,6,CAT009,SUP636,LOC001
PRD0637,Green Tea,24,800,576,27,CAT014,SUP637,LOC002
PRD0638,Sushi Rice,78,435,313,94,CAT001,SUP638,LOC003
PRD0639,Egg (Duck),52,100,72,31,CAT006,SUP639,LOC004
PRD0640,Spinach,45,245,176,70,CAT011,SUP640,LOC005
PRD0641,Apricot,89,500,360,35,CAT015,SUP641,LOC001
PRD0642,Kiwi,63,580,417,57,CAT003,SUP642,LOC002
PRD0643,Black Rice,49,625,450,3,CAT001,SUP643,LOC003
PRD0644,Green Tea,26,800,576,59,CAT014,SUP644,LOC004
PRD0645,Egg (Quail),93,80,57,68,CAT006,SUP645,LOC005
PRD0646,Papaya,81,430,309,16,CAT015,SUP646,LOC001
PRD0647,Heavy Cream,74,400,288,60,CAT007,SUP647,LOC002
PRD0648,Black Tea,19,500,360,78,CAT014,SUP648,LOC003
PRD0649,Short Grain Rice,64,300,216,97,CAT001,SUP649,LOC004
PRD0650,Bell Pepper,49,450,324,93,CAT011,SUP650,LOC005
PRD0651,Parmesan Cheese,99,1200,864,10,CAT010,SUP651,LOC001
PRD0652,Buttermilk,60,245,176,1,CAT007,SUP652,LOC002
PRD0653,Cabbage,90,90,64,1,CAT011,SUP653,LOC003
PRD0654,Haddock,79,900,648,53,CAT012,SUP654,LOC004
PRD0655,Egg (Chicken),22,20,14,58,CAT006,SUP655,LOC005
PRD0656,Brown Rice,51,250,180,47,CAT001,SUP656,LOC001
PRD0657,Arabica Coffee,65,2000,1440,63,CAT002,SUP657,LOC002
PRD0658,Whipped Cream,55,400,288,25,CAT007,SUP658,LOC003
PRD0659,White Rice,18,180,129,86,CAT001,SUP659,LOC004
PRD0660,Parmesan Cheese,37,1200,864,3,CAT010,SUP660,LOC005
PRD0661,Salmon,88,1500,1080,40,CAT012,SUP661,LOC001
PRD0662,Pineapple,20,350,252,51,CAT003,SUP662,LOC002
PRD0663,Bread Flour,99,150,108,54,CAT004,SUP663,LOC003
PRD0664,Asparagus,46,480,345,88,CAT015,SUP664,LOC004
PRD0665,Wild Rice,19,1000,720,77,CAT001,SUP665,LOC005
PRD0666,Yogurt,12,175,126,83,CAT007,SUP666,LOC001
PRD0667,Buttermilk,69,255,183,98,CAT007,SUP667,LOC002
PRD0668,Egg (Duck),63,100,72,38,CAT006,SUP668,LOC003
PRD0669,Asparagus,78,470,338,16,CAT015,SUP669,LOC004
PRD0670,White Bread,72,250,180,20,CAT009,SUP670,LOC005
PRD0671,Wild Rice,58,1000,720,24,CAT001,SUP671,LOC001
PRD0672,Egg (Goose),88,250,180,22,CAT006,SUP672,LOC002
PRD0673,White Rice,54,180,129,53,CAT001,SUP673,LOC003
PRD0674,Powdered Sugar,64,250,180,10,CAT008,SUP674,LOC004
PRD0675,Milk,12,100,72,54,CAT018,SUP675,LOC005
PRD0676,Mango,61,520,374,14,CAT003,SUP676,LOC001
PRD0677,Oatmeal Biscuit,28,500,360,62,CAT013,SUP677,LOC002
PRD0678,Spinach,23,250,180,6,CAT011,SUP678,LOC003
PRD0679,Blueberries,87,1000,720,51,CAT015,SUP679,LOC004
PRD0680,Robusta Coffee,59,1000,720,31,CAT002,SUP680,LOC005
PRD0681,Watermelon,13,300,216,88,CAT015,SUP681,LOC001
PRD0682,Pomegranate,81,600,432,87,CAT015,SUP682,LOC002
PRD0683,White Bread,61,250,180,77,CAT009,SUP683,LOC003
PRD0684,Carrot,80,150,108,91,CAT011,SUP684,LOC004
PRD0685,Brown Rice,39,250,180,57,CAT001,SUP685,LOC005
PRD0686,Cabbage,69,6655,4791,21,CAT011,SUP686,LOC001
PRD0687,Egg (Goose),60,250,180,43,CAT006,SUP687,LOC002
PRD0688,Sour Cream,22,410,295,43,CAT007,SUP688,LOC003
PRD0689,Almond Flour,79,950,684,47,CAT004,SUP689,LOC004
PRD0690,Broccoli,47,400,288,63,CAT011,SUP690,LOC005
PRD0691,Jasmine Rice,20,475,342,25,CAT001,SUP691,LOC001
PRD0692,Gouda Cheese,41,700,504,22,CAT010,SUP692,LOC002
PRD0693,Tilapia,46,700,504,80,CAT016,SUP693,LOC003
PRD0694,Palm Oil,67,180,129,57,CAT005,SUP694,LOC004
PRD0695,Arborio Rice,51,450,324,19,CAT001,SUP695,LOC005
PRD0696,White Sugar,42,200,144,12,CAT008,SUP696,LOC001
PRD0697,Sesame Oil,85,650,468,86,CAT005,SUP697,LOC002
PRD0698,Sunflower Oil,23,250,180,43,CAT005,SUP698,LOC003
PRD0699,Bell Pepper,84,450,324,26,CAT011,SUP699,LOC004
PRD0700,Greek Yogurt,28,4258,3065,38,CAT007,SUP700,LOC005
PRD0701,White Bread,62,250,180,49,CAT009,SUP701,LOC001
PRD0702,Egg (Goose),65,250,180,94,CAT006,SUP702,LOC002
PRD0703,Lime,18,200,144,8,CAT015,SUP703,LOC003
PRD0704,Egg (Chicken),70,20,14,29,CAT006,SUP704,LOC004
PRD0705,Vegetable Oil,23,200,144,71,CAT005,SUP705,LOC005
PRD0706,Jasmine Rice,26,475,342,83,CAT001,SUP706,LOC001
PRD0707,Robusta Coffee,20,1000,720,42,CAT002,SUP707,LOC002
PRD0708,Mozzarella Cheese,55,720,518,58,CAT010,SUP708,LOC003
PRD0709,Whole Wheat Flour,82,275,198,67,CAT004,SUP709,LOC004
PRD0710,Salmon,73,1500,1080,12,CAT012,SUP710,LOC005
PRD0711,White Tea,81,2500,1800,83,CAT014,SUP711,LOC001
PRD0712,Onion,20,200,144,65,CAT011,SUP712,LOC002
PRD0713,Black Coffee,78,1500,1080,38,CAT002,SUP713,LOC003
PRD0714,Butter Biscuit,84,600,432,58,CAT013,SUP714,LOC004
PRD0715,Corn Oil,32,250,180,38,CAT005,SUP715,LOC005
PRD0716,Coconut Oil,90,500,360,75,CAT005,SUP716,LOC001
PRD0717,Evaporated Milk,70,200,144,81,CAT018,SUP717,LOC002
PRD0718,Bell Pepper,90,450,324,22,CAT011,SUP718,LOC003
PRD0719,Lettuce,100,200,144,7,CAT015,SUP719,LOC004
PRD0720,Brown Rice,89,250,180,54,CAT001,SUP720,LOC005
PRD0721,Whole Wheat Flour,38,270,194,43,CAT004,SUP721,LOC001
PRD0722,Rye Bread,61,300,216,20,CAT009,SUP722,LOC002
PRD0723,Orange,75,300,216,48,CAT003,SUP723,LOC003
PRD0724,Multigrain Bread,87,320,230,70,CAT009,SUP724,LOC004
PRD0725,Bread Flour,71,150,108,77,CAT004,SUP725,LOC005
PRD0726,Haddock,98,900,648,100,CAT012,SUP726,LOC001
PRD0727,Green Beans,19,200,144,92,CAT011,SUP727,LOC002
PRD0728,Coconut,85,500,360,90,CAT015,SUP728,LOC003
PRD0729,Apple,71,350,252,36,CAT003,SUP729,LOC004
PRD0730,Brown Rice,44,250,180,48,CAT001,SUP730,LOC005
PRD0731,Rice Flour,25,200,144,95,CAT001,SUP731,LOC001
PRD0732,Peanut Oil,24,400,288,14,CAT005,SUP732,LOC002
PRD0733,Anchovies,44,1000,720,97,CAT016,SUP733,LOC003
PRD0734,Powdered Sugar,63,250,180,4,CAT008,SUP734,LOC004
PRD0735,Palm Oil,69,180,129,59,CAT005,SUP735,LOC005
PRD0736,Tuna,88,1800,1296,71,CAT012,SUP736,LOC001
PRD0737,Robusta Coffee,74,1000,720,2,CAT002,SUP737,LOC002
PRD0738,Bell Pepper,98,450,324,43,CAT011,SUP738,LOC003
PRD0739,Egg (Chicken),22,20,14,19,CAT006,SUP739,LOC004
PRD0740,Apricot,55,500,360,96,CAT015,SUP740,LOC005
PRD0741,Ricotta Cheese,96,610,439,80,CAT010,SUP741,LOC001
PRD0742,Feta Cheese,91,700,504,7,CAT010,SUP742,LOC002
PRD0743,Digestive Biscuit,40,400,288,91,CAT013,SUP743,LOC003
PRD0744,Salmon,52,1500,1080,46,CAT012,SUP744,LOC004
PRD0745,Lettuce,22,200,144,22,CAT015,SUP745,LOC005
PRD0746,Black Rice,98,635,457,41,CAT001,SUP746,LOC001
PRD0747,Whole Wheat Flour,59,275,198,73,CAT004,SUP747,LOC002
PRD0748,Chocolate Biscuit,99,500,360,3,CAT013,SUP748,LOC003
PRD0749,Black Tea,18,530,381,36,CAT014,SUP749,LOC004
PRD0750,Watermelon,58,300,216,12,CAT015,SUP750,LOC005
PRD0751,Black Rice,30,630,453,34,CAT001,SUP751,LOC001
PRD0752,Papaya,97,450,324,97,CAT015,SUP752,LOC002
PRD0753,Egg (Goose),50,245,176,93,CAT006,SUP753,LOC003
PRD0754,Cheddar Cheese,70,900,648,96,CAT010,SUP754,LOC004
PRD0755,Blueberries,40,1000,720,61,CAT015,SUP755,LOC005
PRD0756,Corn Oil,75,250,180,23,CAT005,SUP756,LOC001
PRD0757,Strawberries,26,600,432,97,CAT003,SUP757,LOC002
PRD0758,Arabica Coffee,13,2000,1440,55,CAT002,SUP758,LOC003
PRD0759,Plum,11,400,288,58,CAT003,SUP759,LOC004
PRD0760,Salmon,98,1500,1080,67,CAT012,SUP760,LOC005
PRD0761,Broccoli,35,400,288,4,CAT011,SUP761,LOC001
PRD0762,Mackerel,45,750,540,56,CAT016,SUP762,LOC002
PRD0763,Kale,47,400,288,22,CAT015,SUP763,LOC003
PRD0764,Sesame Oil,89,650,468,66,CAT005,SUP764,LOC004
PRD0765,Black Coffee,33,1500,1080,22,CAT002,SUP765,LOC005
PRD0766,Apricot,90,500,360,30,CAT015,SUP766,LOC001
PRD0767,Jasmine Rice,44,475,342,26,CAT001,SUP767,LOC002
PRD0768,Wild Rice,41,975,702,56,CAT001,SUP768,LOC003
PRD0769,Potato,72,120,86,58,CAT011,SUP769,LOC004
PRD0770,Egg (Goose),72,240,172,58,CAT006,SUP770,LOC005
PRD0771,Black Coffee,40,1500,1080,30,CAT002,SUP771,LOC001
PRD0772,Whole Wheat Bread,36,350,252,53,CAT009,SUP772,LOC002
PRD0773,Vegetable Oil,51,200,144,87,CAT005,SUP773,LOC003
PRD0774,Black Coffee,87,1490,1072,91,CAT002,SUP774,LOC004
PRD0775,Pear,79,450,324,37,CAT003,SUP775,LOC005
PRD0776,Tilapia,14,680,489,52,CAT016,SUP776,LOC001
PRD0777,Orange,81,300,216,35,CAT003,SUP777,LOC002
PRD0778,Lime,75,200,144,18,CAT015,SUP778,LOC003
PRD0779,Gouda Cheese,48,700,504,12,CAT010,SUP779,LOC004
PRD0780,Onion,50,200,144,68,CAT011,SUP780,LOC005
PRD0781,Haddock,11,900,648,87,CAT012,SUP781,LOC001
PRD0782,Almond Flour,74,950,684,22,CAT004,SUP782,LOC002
PRD0783,Tomato,11,250,180,10,CAT015,SUP783,LOC003
PRD0784,Heavy Cream,85,400,288,15,CAT007,SUP784,LOC004
PRD0785,Cauliflower,57,250,180,43,CAT015,SUP785,LOC005
PRD0786,Lime,75,190,136,56,CAT015,SUP786,LOC001
PRD0787,Egg (Turkey),63,235,169,7,CAT006,SUP787,LOC002
PRD0788,White Tea,35,2525,1818,20,CAT014,SUP788,LOC003
PRD0789,Cabbage,24,100,72,32,CAT011,SUP789,LOC004
PRD0790,Jasmine Rice,53,475,342,26,CAT001,SUP790,LOC005
PRD0791,Butter Biscuit,74,600,432,81,CAT013,SUP791,LOC001
PRD0792,Brown Rice,79,250,180,38,CAT001,SUP792,LOC002
PRD0793,Bread Flour,54,150,108,78,CAT004,SUP793,LOC003
PRD0794,Palm Oil,44,180,129,83,CAT005,SUP794,LOC004
PRD0795,Almond Flour,77,950,684,19,CAT004,SUP795,LOC005
PRD0796,Apricot,42,500,360,61,CAT015,SUP796,LOC001
PRD0797,Sweet Potato,44,200,144,77,CAT011,SUP797,LOC002
PRD0798,Sour Cream,81,400,288,76,CAT007,SUP798,LOC003
PRD0799,Black Rice,92,625,450,48,CAT001,SUP799,LOC004
PRD0800,Salmon,78,1500,1080,68,CAT012,SUP800,LOC005
PRD0801,Heavy Cream,85,420,302,66,CAT007,SUP801,LOC001
PRD0802,Pomegranate,65,600,432,69,CAT015,SUP802,LOC002
PRD0803,Olive Oil,36,600,432,3,CAT005,SUP803,LOC003
PRD0804,Potato,26,120,86,63,CAT011,SUP804,LOC004
PRD0805,Sunflower Oil,39,250,180,13,CAT005,SUP805,LOC005
PRD0806,White Sugar,39,200,144,83,CAT008,SUP806,LOC001
PRD0807,Cabbage,83,100,72,61,CAT011,SUP807,LOC002
PRD0808,Cucumber,28,180,129,5,CAT011,SUP808,LOC003
PRD0809,Tuna,85,1800,1296,17,CAT012,SUP809,LOC004
PRD0810,Lime,76,200,144,39,CAT015,SUP810,LOC005
PRD0811,Tomato,100,250,180,64,CAT015,SUP811,LOC001
PRD0812,Pomegranate,17,600,432,45,CAT015,SUP812,LOC002
PRD0813,Anchovies,51,1000,720,35,CAT016,SUP813,LOC003
PRD0814,Grapes,54,550,396,88,CAT015,SUP814,LOC004
PRD0815,Sourdough Bread,94,400,288,56,CAT009,SUP815,LOC005
PRD0816,Asparagus,34,500,360,95,CAT015,SUP816,LOC001
PRD0817,Herbal Tea,27,3000,2160,1,CAT014,SUP817,LOC002
PRD0818,All-Purpose Flour,50,175,126,42,CAT004,SUP818,LOC003
PRD0819,Almond Flour,85,950,684,12,CAT004,SUP819,LOC004
PRD0820,Rice Flour,24,200,144,2,CAT001,SUP820,LOC005
PRD0821,Halibut,82,2000,1440,31,CAT016,SUP821,LOC001
PRD0822,Apple,17,350,252,14,CAT003,SUP822,LOC002
PRD0823,Canola Oil,25,230,165,97,CAT005,SUP823,LOC003
PRD0824,Tilapia,56,700,504,59,CAT016,SUP824,LOC004
PRD0825,Evaporated Milk,72,200,144,3,CAT018,SUP825,LOC005
PRD0826,Mushrooms,65,630,453,42,CAT011,SUP826,LOC001
PRD0827,Grapes,30,550,396,66,CAT015,SUP827,LOC002
PRD0828,Onion,39,200,144,37,CAT011,SUP828,LOC003
PRD0829,Pineapple,14,350,252,81,CAT003,SUP829,LOC004
PRD0830,Carrot,74,150,108,37,CAT011,SUP830,LOC005
PRD0831,Parmesan Cheese,63,1190,856,41,CAT010,SUP831,LOC001
PRD0832,Peach,47,400,288,67,CAT015,SUP832,LOC002
PRD0833,Egg (Turkey),42,250,180,94,CAT006,SUP833,LOC003
PRD0834,Tomato,32,250,180,49,CAT015,SUP834,LOC004
PRD0835,Lettuce,88,200,144,56,CAT015,SUP835,LOC005
PRD0836,Yogurt,80,175,126,69,CAT007,SUP836,LOC001
PRD0837,Orange,36,300,216,59,CAT003,SUP837,LOC002
PRD0838,Bread Flour,11,150,108,77,CAT004,SUP838,LOC003
PRD0839,Peach,40,400,288,83,CAT015,SUP839,LOC004
PRD0840,Bread Flour,63,150,108,43,CAT004,SUP840,LOC005
PRD0841,Raw Sugar,90,150,108,75,CAT008,SUP841,LOC001
PRD0842,Multigrain Bread,47,325,234,26,CAT009,SUP842,LOC002
PRD0843,Digestive Biscuit,29,400,288,2,CAT013,SUP843,LOC003
PRD0844,Peach,94,400,288,69,CAT015,SUP844,LOC004
PRD0845,Mango,32,490,352,63,CAT003,SUP845,LOC005
PRD0846,Plum,40,400,288,3,CAT003,SUP846,LOC001
PRD0847,Egg (Goose),50,250,180,66,CAT006,SUP847,LOC002
PRD0848,Cod,72,800,576,29,CAT016,SUP848,LOC003
PRD0849,Pomegranate,22,600,432,35,CAT015,SUP849,LOC004
PRD0850,Chocolate Biscuit,23,500,360,76,CAT013,SUP850,LOC005
PRD0851,Halibut,35,2000,1440,72,CAT016,SUP851,LOC001
PRD0852,Cucumber,12,175,126,93,CAT011,SUP852,LOC002
PRD0853,Cheddar Cheese,86,900,648,23,CAT010,SUP853,LOC003
PRD0854,Mackerel,91,750,540,96,CAT016,SUP854,LOC004
PRD0855,Evaporated Milk,23,200,144,99,CAT018,SUP855,LOC005
PRD0856,Onion,98,200,144,40,CAT011,SUP856,LOC001
PRD0857,Cherry,29,800,576,66,CAT015,SUP857,LOC002
PRD0858,Coconut,32,500,360,27,CAT015,SUP858,LOC003
PRD0859,Pear,84,450,324,74,CAT003,SUP859,LOC004
PRD0860,Yogurt,86,175,126,20,CAT007,SUP860,LOC005
PRD0861,Black Rice,11,620,446,58,CAT001,SUP861,LOC001
PRD0862,Whole Wheat Flour,60,275,198,69,CAT004,SUP862,LOC002
PRD0863,Whole Wheat Bread,58,350,252,48,CAT009,SUP863,LOC003
PRD0864,Ricotta Cheese,64,600,432,95,CAT010,SUP864,LOC004
PRD0865,Canola Oil,19,230,165,80,CAT005,SUP865,LOC005
PRD0866,Cherry,43,800,576,41,CAT015,SUP866,LOC001
PRD0867,Peanut Oil,38,400,288,62,CAT005,SUP867,LOC002
PRD0868,Buttermilk,70,250,180,66,CAT007,SUP868,LOC003
PRD0869,Asparagus,18,500,360,3,CAT015,SUP869,LOC004
PRD0870,Brown Rice,46,250,180,81,CAT001,SUP870,LOC005
PRD0871,Arabica Coffee,78,2050,1476,34,CAT002,SUP871,LOC001
PRD0872,Canola Oil,53,230,165,20,CAT005,SUP872,LOC002
PRD0873,Haddock,67,900,648,71,CAT012,SUP873,LOC003
PRD0874,Egg (Chicken),36,20,14,30,CAT006,SUP874,LOC004
PRD0875,Whole Wheat Flour,39,275,198,53,CAT004,SUP875,LOC005
PRD0876,Sweet Potato,95,200,144,87,CAT011,SUP876,LOC001
PRD0877,Almond Flour,12,950,684,56,CAT004,SUP877,LOC002
PRD0878,Wild Rice,98,1000,720,30,CAT001,SUP878,LOC003
PRD0879,Jasmine Rice,50,475,342,14,CAT001,SUP879,LOC004
PRD0880,Zucchini,98,250,180,14,CAT011,SUP880,LOC005
PRD0881,Corn Oil,28,250,180,32,CAT005,SUP881,LOC001
PRD0882,Cucumber,67,180,129,14,CAT011,SUP882,LOC002
PRD0883,Onion,20,200,144,93,CAT011,SUP883,LOC003
PRD0884,Trout,67,1160,835,83,CAT012,SUP884,LOC004
PRD0885,Egg (Quail),94,80,57,60,CAT006,SUP885,LOC005
PRD0886,Black Tea,45,500,360,58,CAT014,SUP886,LOC001
PRD0887,Anchovies,86,1000,720,55,CAT016,SUP887,LOC002
PRD0888,Wild Rice,72,975,702,82,CAT001,SUP888,LOC003
PRD0889,Green Beans,31,210,151,61,CAT011,SUP889,LOC004
PRD0890,Butter Biscuit,12,600,432,7,CAT013,SUP890,LOC005
PRD0891,Gouda Cheese,71,700,504,93,CAT010,SUP891,LOC001
PRD0892,Anchovies,64,1000,720,1,CAT016,SUP892,LOC002
PRD0893,Coconut Oil,89,500,360,79,CAT005,SUP893,LOC003
PRD0894,Sesame Oil,50,650,468,36,CAT005,SUP894,LOC004
PRD0895,Mango,53,500,360,98,CAT003,SUP895,LOC005
PRD0896,Haddock,19,900,648,99,CAT012,SUP896,LOC001
PRD0897,Broccoli,89,400,288,40,CAT011,SUP897,LOC002
PRD0898,Cod,96,800,576,12,CAT016,SUP898,LOC003
PRD0899,Parmesan Cheese,52,1200,864,56,CAT010,SUP899,LOC004
PRD0900,Sesame Oil,97,650,468,20,CAT005,SUP900,LOC005
PRD0901,Halibut,88,2000,1440,42,CAT016,SUP901,LOC001
PRD0902,Jasmine Rice,33,475,342,44,CAT001,SUP902,LOC002
PRD0903,Jasmine Rice,98,475,342,20,CAT001,SUP903,LOC003
PRD0904,Peach,45,400,288,79,CAT015,SUP904,LOC004
PRD0905,White Rice,80,180,129,86,CAT001,SUP905,LOC005
PRD0906,Halibut,68,2000,1440,43,CAT016,SUP906,LOC001
PRD0907,Apricot,90,500,360,91,CAT015,SUP907,LOC002
PRD0908,Trout,89,1200,864,67,CAT012,SUP908,LOC003
PRD0909,Cucumber,38,180,129,94,CAT011,SUP909,LOC004
PRD0910,Green Beans,99,210,151,37,CAT011,SUP910,LOC005
PRD0911,Powdered Sugar,66,240,172,19,CAT008,SUP911,LOC001
PRD0912,Pomegranate,66,600,432,28,CAT015,SUP912,LOC002
PRD0913,Bread Flour,64,150,108,11,CAT004,SUP913,LOC003
PRD0914,Black Rice,18,600,432,78,CAT001,SUP914,LOC004
PRD0915,Whole Wheat Flour,86,275,198,100,CAT004,SUP915,LOC005
PRD0916,Black Tea,35,470,338,88,CAT014,SUP916,LOC001
PRD0917,Green Beans,26,200,144,70,CAT011,SUP917,LOC002
PRD0918,Parmesan Cheese,80,1200,864,100,CAT010,SUP918,LOC003
PRD0919,Zucchini,63,250,180,56,CAT011,SUP919,LOC004
PRD0920,Vanilla Biscuit,89,550,396,22,CAT013,SUP920,LOC005
PRD0921,Sweet Potato,80,200,144,60,CAT011,SUP921,LOC001
PRD0922,Vegetable Oil,41,200,144,66,CAT005,SUP922,LOC002
PRD0923,Chocolate Biscuit,53,500,360,19,CAT013,SUP923,LOC003
PRD0924,Haddock,61,900,648,91,CAT012,SUP924,LOC004
PRD0925,Egg (Duck),70,100,72,92,CAT006,SUP925,LOC005
PRD0926,Mango,73,500,360,69,CAT003,SUP926,LOC001
PRD0927,Kale,60,400,288,15,CAT015,SUP927,LOC002
PRD0928,Pomegranate,88,600,432,24,CAT015,SUP928,LOC003
PRD0929,Cauliflower,95,250,180,6,CAT015,SUP929,LOC004
PRD0930,Powdered Sugar,47,250,180,30,CAT008,SUP930,LOC005
PRD0931,Mozzarella Cheese,24,700,504,1,CAT010,SUP931,LOC001
PRD0932,Anchovies,93,1000,720,51,CAT016,SUP932,LOC002
PRD0933,Sunflower Oil,80,250,180,24,CAT005,SUP933,LOC003
PRD0934,Apple,77,350,252,58,CAT003,SUP934,LOC004
PRD0935,Green Beans,42,200,144,48,CAT011,SUP935,LOC005
PRD0936,Egg (Turkey),92,250,180,1,CAT006,SUP936,LOC001
PRD0937,Mushrooms,81,625,450,23,CAT011,SUP937,LOC002
PRD0938,Jasmine Rice,46,475,342,39,CAT001,SUP938,LOC003
PRD0939,Brown Rice,44,250,180,67,CAT001,SUP939,LOC004
PRD0940,Multigrain Bread,38,350,252,37,CAT009,SUP940,LOC005
PRD0941,Evaporated Milk,64,200,144,28,CAT018,SUP941,LOC001
PRD0942,Long Grain Rice,39,145,104,2,CAT001,SUP942,LOC002
PRD0943,White Bread,42,250,180,88,CAT009,SUP943,LOC003
PRD0944,White Sugar,29,200,144,54,CAT008,SUP944,LOC004
PRD0945,Cucumber,60,180,129,63,CAT011,SUP945,LOC005
PRD0946,Parmesan Cheese,65,1200,864,54,CAT010,SUP946,LOC001
PRD0947,Bell Pepper,89,450,324,96,CAT011,SUP947,LOC002
PRD0948,Corn Oil,50,250,180,40,CAT005,SUP948,LOC003
PRD0949,Bell Pepper,94,450,324,18,CAT011,SUP949,LOC004
PRD0950,Canola Oil,97,230,165,32,CAT005,SUP950,LOC005
PRD0951,Digestive Biscuit,72,400,288,78,CAT013,SUP951,LOC001
PRD0952,Cream,62,250,180,91,CAT007,SUP952,LOC002
PRD0953,Apple,44,350,252,92,CAT003,SUP953,LOC003
PRD0954,Peanut Oil,21,400,288,25,CAT005,SUP954,LOC004
PRD0955,Coconut Sugar,91,500,360,39,CAT008,SUP955,LOC005
PRD0956,Tuna,87,1800,1296,24,CAT012,SUP956,LOC001
PRD0957,Spinach,61,252,181,17,CAT011,SUP957,LOC002
PRD0958,Carrot,61,150,108,81,CAT011,SUP958,LOC003
PRD0959,Sweet Potato,49,200,144,1,CAT011,SUP959,LOC004
PRD0960,Lemon,87,250,180,1,CAT003,SUP960,LOC005
PRD0961,Multigrain Bread,93,325,234,55,CAT009,SUP961,LOC001
PRD0962,Basmati Rice,55,445,320,13,CAT001,SUP962,LOC002
PRD0963,Sour Cream,29,400,288,39,CAT007,SUP963,LOC003
PRD0964,Egg (Chicken),63,20,14,62,CAT006,SUP964,LOC004
PRD0965,Potato,42,120,86,69,CAT011,SUP965,LOC005
PRD0966,Onion,74,200,144,4,CAT011,SUP966,LOC001
PRD0967,Short Grain Rice,22,300,216,77,CAT001,SUP967,LOC002
PRD0968,Egg (Chicken),83,20,14,35,CAT006,SUP968,LOC003
PRD0969,Wild Rice,32,1000,720,91,CAT001,SUP969,LOC004
PRD0970,Apple,84,350,252,46,CAT003,SUP970,LOC005
PRD0971,Plum,22,400,288,56,CAT003,SUP971,LOC001
PRD0972,Peas,100,300,216,52,CAT015,SUP972,LOC002
PRD0973,Cheddar Cheese,36,900,648,77,CAT010,SUP973,LOC003
PRD0974,Halibut,14,2000,1440,67,CAT016,SUP974,LOC004
PRD0975,White Sugar,38,200,144,82,CAT008,SUP975,LOC005
PRD0976,Eggplant,97,300,216,52,CAT006,SUP976,LOC001
PRD0977,Green Tea,64,800,576,66,CAT014,SUP977,LOC002
PRD0978,Lime,14,190,136,75,CAT015,SUP978,LOC003
PRD0979,Avocado Oil,24,1000,720,89,CAT005,SUP979,LOC004
PRD0980,Tilapia,100,700,504,61,CAT016,SUP980,LOC005
PRD0981,Jasmine Rice,62,475,342,36,CAT001,SUP981,LOC001
PRD0982,Basmati Rice,71,450,324,60,CAT001,SUP982,LOC002
PRD0983,Parmesan Cheese,38,1200,864,67,CAT010,SUP983,LOC003
PRD0984,Powdered Sugar,88,240,172,34,CAT008,SUP984,LOC004
PRD0985,Sourdough Bread,40,450,324,30,CAT009,SUP985,LOC005
PRD0986,Spinach,88,250,180,78,CAT011,SUP986,LOC001
PRD0987,Cheddar Cheese,60,900,648,9,CAT010,SUP987,LOC002
PRD0988,Cabbage,94,90,64,90,CAT011,SUP988,LOC003
PRD0989,Avocado Oil,30,1000,720,48,CAT005,SUP989,LOC004
PRD0990,Papaya,19,450,324,28,CAT015,SUP990,LOC005
