product_id,quantity,note,location_id
PRD0001,70,Source reorder quantity from online grocery inventory dataset,LOC001
PRD0002,2,Source reorder quantity from online grocery inventory dataset,LOC002
PRD0003,83,Source reorder quantity from online grocery inventory dataset,LOC003
PRD0004,62,Source reorder quantity from online grocery inventory dataset,LOC004
PRD0005,74,Source reorder quantity from online grocery inventory dataset,LOC005
PRD0006,14,Source reorder quantity from online grocery inventory dataset,LOC001
PRD0007,16,Source reorder quantity from online grocery inventory dataset,LOC002
PRD0008,17,Source reorder quantity from online grocery inventory dataset,LOC003
PRD0009,11,Source reorder quantity from online grocery inventory dataset,LOC004
PRD0010,15,Source reorder quantity from online grocery inventory dataset,LOC005
PRD0011,91,Source reorder quantity from online grocery inventory dataset,LOC001
PRD0012,6,Source reorder quantity from online grocery inventory dataset,LOC002
PRD0013,31,Source reorder quantity from online grocery inventory dataset,LOC003
PRD0014,76,Source reorder quantity from online grocery inventory dataset,LOC004
PRD0015,16,Source reorder quantity from online grocery inventory dataset,LOC005
PRD0016,15,Source reorder quantity from online grocery inventory dataset,LOC001
PRD0017,88,Source reorder quantity from online grocery inventory dataset,LOC002
PRD0018,26,Source reorder quantity from online grocery inventory dataset,LOC003
PRD0019,84,Source reorder quantity from online grocery inventory dataset,LOC004
PRD0020,82,Source reorder quantity from online grocery inventory dataset,LOC005
PRD0021,99,Source reorder quantity from online grocery inventory dataset,LOC001
PRD0022,48,Source reorder quantity from online grocery inventory dataset,LOC002
PRD0023,28,Source reorder quantity from online grocery inventory dataset,LOC003
PRD0024,55,Source reorder quantity from online grocery inventory dataset,LOC004
PRD0025,85,Source reorder quantity from online grocery inventory dataset,LOC005
PRD0026,80,Source reorder quantity from online grocery inventory dataset,LOC001
PRD0027,81,Source reorder quantity from online grocery inventory dataset,LOC002
PRD0028,39,Source reorder quantity from online grocery inventory dataset,LOC003
PRD0029,32,Source reorder quantity from online grocery inventory dataset,LOC004
PRD0030,5,Source reorder quantity from online grocery inventory dataset,LOC005
PRD0031,72,Source reorder quantity from online grocery inventory dataset,LOC001
PRD0032,22,Source reorder quantity from online grocery inventory dataset,LOC002
PRD0033,73,Source reorder quantity from online grocery inventory dataset,LOC003
PRD0034,75,Source reorder quantity from online grocery inventory dataset,LOC004
PRD0035,73,Source reorder quantity from online grocery inventory dataset,LOC005
PRD0036,73,Source reorder quantity from online grocery inventory dataset,LOC001
PRD0037,100,Source reorder quantity from online grocery inventory dataset,LOC002
PRD0038,39,Source reorder quantity from online grocery inventory dataset,LOC003
PRD0039,26,Source reorder quantity from online grocery inventory dataset,LOC004
PRD0040,85,Source reorder quantity from online grocery inventory dataset,LOC005
PRD0041,51,Source reorder quantity from online grocery inventory dataset,LOC001
PRD0042,48,Source reorder quantity from online grocery inventory dataset,LOC002
PRD0043,88,Source reorder quantity from online grocery inventory dataset,LOC003
PRD0044,70,Source reorder quantity from online grocery inventory dataset,LOC004
PRD0045,37,Source reorder quantity from online grocery inventory dataset,LOC005
PRD0046,32,Source reorder quantity from online grocery inventory dataset,LOC001
PRD0047,71,Source reorder quantity from online grocery inventory dataset,LOC002
PRD0048,61,Source reorder quantity from online grocery inventory dataset,LOC003
PRD0049,13,Source reorder quantity from online grocery inventory dataset,LOC004
PRD0050,90,Source reorder quantity from online grocery inventory dataset,LOC005
PRD0051,78,Source reorder quantity from online grocery inventory dataset,LOC001
PRD0052,71,Source reorder quantity from online grocery inventory dataset,LOC002
PRD0053,84,Source reorder quantity from online grocery inventory dataset,LOC003
PRD0054,84,Source reorder quantity from online grocery inventory dataset,LOC004
PRD0055,18,Source reorder quantity from online grocery inventory dataset,LOC005
PRD0056,62,Source reorder quantity from online grocery inventory dataset,LOC001
PRD0057,6,Source reorder quantity from online grocery inventory dataset,LOC002
PRD0058,61,Source reorder quantity from online grocery inventory dataset,LOC003
PRD0059,49,Source reorder quantity from online grocery inventory dataset,LOC004
PRD0060,28,Source reorder quantity from online grocery inventory dataset,LOC005
PRD0061,98,Source reorder quantity from online grocery inventory dataset,LOC001
PRD0062,76,Source reorder quantity from online grocery inventory dataset,LOC002
PRD0063,69,Source reorder quantity from online grocery inventory dataset,LOC003
PRD0064,26,Source reorder quantity from online grocery inventory dataset,LOC004
PRD0065,88,Source reorder quantity from online grocery inventory dataset,LOC005
PRD0066,29,Source reorder quantity from online grocery inventory dataset,LOC001
PRD0067,10,Source reorder quantity from online grocery inventory dataset,LOC002
PRD0068,100,Source reorder quantity from online grocery inventory dataset,LOC003
PRD0069,75,Source reorder quantity from online grocery inventory dataset,LOC004
PRD0070,46,Source reorder quantity from online grocery inventory dataset,LOC005
PRD0071,5,Source reorder quantity from online grocery inventory dataset,LOC001
PRD0072,96,Source reorder quantity from online grocery inventory dataset,LOC002
PRD0073,73,Source reorder quantity from online grocery inventory dataset,LOC003
PRD0074,72,Source reorder quantity from online grocery inventory dataset,LOC004
PRD0075,74,Source reorder quantity from online grocery inventory dataset,LOC005
PRD0076,15,Source reorder quantity from online grocery inventory dataset,LOC001
PRD0077,28,Source reorder quantity from online grocery inventory dataset,LOC002
PRD0078,74,Source reorder quantity from online grocery inventory dataset,LOC003
PRD0079,27,Source reorder quantity from online grocery inventory dataset,LOC004
PRD0080,15,Source reorder quantity from online grocery inventory dataset,LOC005
PRD0081,61,Source reorder quantity from online grocery inventory dataset,LOC001
PRD0082,4,Source reorder quantity from online grocery inventory dataset,LOC002
PRD0083,80,Source reorder quantity from online grocery inventory dataset,LOC003
PRD0084,76,Source reorder quantity from online grocery inventory dataset,LOC004
PRD0085,48,Source reorder quantity from online grocery inventory dataset,LOC005
PRD0086,63,Source reorder quantity from online grocery inventory dataset,LOC001
PRD0087,65,Source reorder quantity from online grocery inventory dataset,LOC002
PRD0088,50,Source reorder quantity from online grocery inventory dataset,LOC003
PRD0089,17,Source reorder quantity from online grocery inventory dataset,LOC004
PRD0090,13,Source reorder quantity from online grocery inventory dataset,LOC005
PRD0091,96,Source reorder quantity from online grocery inventory dataset,LOC001
PRD0092,17,Source reorder quantity from online grocery inventory dataset,LOC002
PRD0093,2,Source reorder quantity from online grocery inventory dataset,LOC003
PRD0094,80,Source reorder quantity from online grocery inventory dataset,LOC004
PRD0095,24,Source reorder quantity from online grocery inventory dataset,LOC005
PRD0096,89,Source reorder quantity from online grocery inventory dataset,LOC001
PRD0097,77,Source reorder quantity from online grocery inventory dataset,LOC002
PRD0098,53,Source reorder quantity from online grocery inventory dataset,LOC003
PRD0099,85,Source reorder quantity from online grocery inventory dataset,LOC004
PRD0100,23,Source reorder quantity from online grocery inventory dataset,LOC005
PRD0101,8,Source reorder quantity from online grocery inventory dataset,LOC001
PRD0102,18,Source reorder quantity from online grocery inventory dataset,LOC002
PRD0103,1,Source reorder quantity from online grocery inventory dataset,LOC003
PRD0104,40,Source reorder quantity from online grocery inventory dataset,LOC004
PRD0105,7,Source reorder quantity from online grocery inventory dataset,LOC005
PRD0106,94,Source reorder quantity from online grocery inventory dataset,LOC001
PRD0107,73,Source reorder quantity from online grocery inventory dataset,LOC002
PRD0108,1,Source reorder quantity from online grocery inventory dataset,LOC003
PRD0109,53,Source reorder quantity from online grocery inventory dataset,LOC004
PRD0110,92,Source reorder quantity from online grocery inventory dataset,LOC005
PRD0111,6,Source reorder quantity from online grocery inventory dataset,LOC001
PRD0112,92,Source reorder quantity from online grocery inventory dataset,LOC002
PRD0113,87,Source reorder quantity from online grocery inventory dataset,LOC003
PRD0114,59,Source reorder quantity from online grocery inventory dataset,LOC004
PRD0115,74,Source reorder quantity from online grocery inventory dataset,LOC005
PRD0116,2,Source reorder quantity from online grocery inventory dataset,LOC001
PRD0117,69,Source reorder quantity from online grocery inventory dataset,LOC002
PRD0118,73,Source reorder quantity from online grocery inventory dataset,LOC003
PRD0119,16,Source reorder quantity from online grocery inventory dataset,LOC004
PRD0120,21,Source reorder quantity from online grocery inventory dataset,LOC005
PRD0121,14,Source reorder quantity from online grocery inventory dataset,LOC001
PRD0122,18,Source reorder quantity from online grocery inventory dataset,LOC002
PRD0123,9,Source reorder quantity from online grocery inventory dataset,LOC003
PRD0124,86,Source reorder quantity from online grocery inventory dataset,LOC004
PRD0125,85,Source reorder quantity from online grocery inventory dataset,LOC005
PRD0126,97,Source reorder quantity from online grocery inventory dataset,LOC001
PRD0127,56,Source reorder quantity from online grocery inventory dataset,LOC002
PRD0128,32,Source reorder quantity from online grocery inventory dataset,LOC003
PRD0129,58,Source reorder quantity from online grocery inventory dataset,LOC004
PRD0130,39,Source reorder quantity from online grocery inventory dataset,LOC005
PRD0131,45,Source reorder quantity from online grocery inventory dataset,LOC001
PRD0132,64,Source reorder quantity from online grocery inventory dataset,LOC002
PRD0133,97,Source reorder quantity from online grocery inventory dataset,LOC003
PRD0134,98,Source reorder quantity from online grocery inventory dataset,LOC004
PRD0135,96,Source reorder quantity from online grocery inventory dataset,LOC005
PRD0136,76,Source reorder quantity from online grocery inventory dataset,LOC001
PRD0137,88,Source reorder quantity from online grocery inventory dataset,LOC002
PRD0138,48,Source reorder quantity from online grocery inventory dataset,LOC003
PRD0139,96,Source reorder quantity from online grocery inventory dataset,LOC004
PRD0140,4,Source reorder quantity from online grocery inventory dataset,LOC005
PRD0141,52,Source reorder quantity from online grocery inventory dataset,LOC001
PRD0142,19,Source reorder quantity from online grocery inventory dataset,LOC002
PRD0143,55,Source reorder quantity from online grocery inventory dataset,LOC003
PRD0144,88,Source reorder quantity from online grocery inventory dataset,LOC004
PRD0145,35,Source reorder quantity from online grocery inventory dataset,LOC005
PRD0146,19,Source reorder quantity from online grocery inventory dataset,LOC001
PRD0147,26,Source reorder quantity from online grocery inventory dataset,LOC002
PRD0148,49,Source reorder quantity from online grocery inventory dataset,LOC003
PRD0149,98,Source reorder quantity from online grocery inventory dataset,LOC004
PRD0150,54,Source reorder quantity from online grocery inventory dataset,LOC005
PRD0151,37,Source reorder quantity from online grocery inventory dataset,LOC001
PRD0152,29,Source reorder quantity from online grocery inventory dataset,LOC002
PRD0153,79,Source reorder quantity from online grocery inventory dataset,LOC003
PRD0154,72,Source reorder quantity from online grocery inventory dataset,LOC004
PRD0155,9,Source reorder quantity from online grocery inventory dataset,LOC005
PRD0156,20,Source reorder quantity from online grocery inventory dataset,LOC001
PRD0157,23,Source reorder quantity from online grocery inventory dataset,LOC002
PRD0158,93,Source reorder quantity from online grocery inventory dataset,LOC003
PRD0159,97,Source reorder quantity from online grocery inventory dataset,LOC004
PRD0160,27,Source reorder quantity from online grocery inventory dataset,LOC005
PRD0161,63,Source reorder quantity from online grocery inventory dataset,LOC001
PRD0162,81,Source reorder quantity from online grocery inventory dataset,LOC002
PRD0163,56,Source reorder quantity from online grocery inventory dataset,LOC003
PRD0164,76,Source reorder quantity from online grocery inventory dataset,LOC004
PRD0165,4,Source reorder quantity from online grocery inventory dataset,LOC005
PRD0166,85,Source reorder quantity from online grocery inventory dataset,LOC001
PRD0167,7,Source reorder quantity from online grocery inventory dataset,LOC002
PRD0168,58,Source reorder quantity from online grocery inventory dataset,LOC003
PRD0169,73,Source reorder quantity from online grocery inventory dataset,LOC004
PRD0170,62,Source reorder quantity from online grocery inventory dataset,LOC005
PRD0171,76,Source reorder quantity from online grocery inventory dataset,LOC001
PRD0172,21,Source reorder quantity from online grocery inventory dataset,LOC002
PRD0173,97,Source reorder quantity from online grocery inventory dataset,LOC003
PRD0174,68,Source reorder quantity from online grocery inventory dataset,LOC004
PRD0175,33,Source reorder quantity from online grocery inventory dataset,LOC005
PRD0176,26,Source reorder quantity from online grocery inventory dataset,LOC001
PRD0177,22,Source reorder quantity from online grocery inventory dataset,LOC002
PRD0178,85,Source reorder quantity from online grocery inventory dataset,LOC003
PRD0179,81,Source reorder quantity from online grocery inventory dataset,LOC004
PRD0180,40,Source reorder quantity from online grocery inventory dataset,LOC005
PRD0181,23,Source reorder quantity from online grocery inventory dataset,LOC001
PRD0182,12,Source reorder quantity from online grocery inventory dataset,LOC002
PRD0183,99,Source reorder quantity from online grocery inventory dataset,LOC003
PRD0184,80,Source reorder quantity from online grocery inventory dataset,LOC004
PRD0185,91,Source reorder quantity from online grocery inventory dataset,LOC005
PRD0186,77,Source reorder quantity from online grocery inventory dataset,LOC001
PRD0187,2,Source reorder quantity from online grocery inventory dataset,LOC002
PRD0188,21,Source reorder quantity from online grocery inventory dataset,LOC003
PRD0189,57,Source reorder quantity from online grocery inventory dataset,LOC004
PRD0190,82,Source reorder quantity from online grocery inventory dataset,LOC005
PRD0191,17,Source reorder quantity from online grocery inventory dataset,LOC001
PRD0192,65,Source reorder quantity from online grocery inventory dataset,LOC002
PRD0193,13,Source reorder quantity from online grocery inventory dataset,LOC003
PRD0194,100,Source reorder quantity from online grocery inventory dataset,LOC004
PRD0195,1,Source reorder quantity from online grocery inventory dataset,LOC005
PRD0196,17,Source reorder quantity from online grocery inventory dataset,LOC001
PRD0197,6,Source reorder quantity from online grocery inventory dataset,LOC002
PRD0198,65,Source reorder quantity from online grocery inventory dataset,LOC003
PRD0199,97,Source reorder quantity from online grocery inventory dataset,LOC004
PRD0200,80,Source reorder quantity from online grocery inventory dataset,LOC005
PRD0201,32,Source reorder quantity from online grocery inventory dataset,LOC001
PRD0202,56,Source reorder quantity from online grocery inventory dataset,LOC002
PRD0203,42,Source reorder quantity from online grocery inventory dataset,LOC003
PRD0204,46,Source reorder quantity from online grocery inventory dataset,LOC004
PRD0205,65,Source reorder quantity from online grocery inventory dataset,LOC005
PRD0206,55,Source reorder quantity from online grocery inventory dataset,LOC001
PRD0207,95,Source reorder quantity from online grocery inventory dataset,LOC002
PRD0208,74,Source reorder quantity from online grocery inventory dataset,LOC003
PRD0209,11,Source reorder quantity from online grocery inventory dataset,LOC004
PRD0210,7,Source reorder quantity from online grocery inventory dataset,LOC005
PRD0211,91,Source reorder quantity from online grocery inventory dataset,LOC001
PRD0212,37,Source reorder quantity from online grocery inventory dataset,LOC002
PRD0213,7,Source reorder quantity from online grocery inventory dataset,LOC003
PRD0214,30,Source reorder quantity from online grocery inventory dataset,LOC004
PRD0215,52,Source reorder quantity from online grocery inventory dataset,LOC005
PRD0216,64,Source reorder quantity from online grocery inventory dataset,LOC001
PRD0217,54,Source reorder quantity from online grocery inventory dataset,LOC002
PRD0218,66,Source reorder quantity from online grocery inventory dataset,LOC003
PRD0219,91,Source reorder quantity from online grocery inventory dataset,LOC004
PRD0220,92,Source reorder quantity from online grocery inventory dataset,LOC005
PRD0221,53,Source reorder quantity from online grocery inventory dataset,LOC001
PRD0222,13,Source reorder quantity from online grocery inventory dataset,LOC002
PRD0223,41,Source reorder quantity from online grocery inventory dataset,LOC003
PRD0224,43,Source reorder quantity from online grocery inventory dataset,LOC004
PRD0225,76,Source reorder quantity from online grocery inventory dataset,LOC005
PRD0226,68,Source reorder quantity from online grocery inventory dataset,LOC001
PRD0227,7,Source reorder quantity from online grocery inventory dataset,LOC002
PRD0228,50,Source reorder quantity from online grocery inventory dataset,LOC003
PRD0229,96,Source reorder quantity from online grocery inventory dataset,LOC004
PRD0230,99,Source reorder quantity from online grocery inventory dataset,LOC005
PRD0231,56,Source reorder quantity from online grocery inventory dataset,LOC001
PRD0232,89,Source reorder quantity from online grocery inventory dataset,LOC002
PRD0233,98,Source reorder quantity from online grocery inventory dataset,LOC003
PRD0234,28,Source reorder quantity from online grocery inventory dataset,LOC004
PRD0235,23,Source reorder quantity from online grocery inventory dataset,LOC005
PRD0236,1,Source reorder quantity from online grocery inventory dataset,LOC001
PRD0237,54,Source reorder quantity from online grocery inventory dataset,LOC002
PRD0238,57,Source reorder quantity from online grocery inventory dataset,LOC003
PRD0239,31,Source reorder quantity from online grocery inventory dataset,LOC004
PRD0240,75,Source reorder quantity from online grocery inventory dataset,LOC005
PRD0241,48,Source reorder quantity from online grocery inventory dataset,LOC001
PRD0242,93,Source reorder quantity from online grocery inventory dataset,LOC002
PRD0243,25,Source reorder quantity from online grocery inventory dataset,LOC003
PRD0244,21,Source reorder quantity from online grocery inventory dataset,LOC004
PRD0245,6,Source reorder quantity from online grocery inventory dataset,LOC005
PRD0246,15,Source reorder quantity from online grocery inventory dataset,LOC001
PRD0247,86,Source reorder quantity from online grocery inventory dataset,LOC002
PRD0248,17,Source reorder quantity from online grocery inventory dataset,LOC003
PRD0249,99,Source reorder quantity from online grocery inventory dataset,LOC004
PRD0250,24,Source reorder quantity from online grocery inventory dataset,LOC005
PRD0251,73,Source reorder quantity from online grocery inventory dataset,LOC001
PRD0252,22,Source reorder quantity from online grocery inventory dataset,LOC002
PRD0253,25,Source reorder quantity from online grocery inventory dataset,LOC003
PRD0254,21,Source reorder quantity from online grocery inventory dataset,LOC004
PRD0255,41,Source reorder quantity from online grocery inventory dataset,LOC005
PRD0256,28,Source reorder quantity from online grocery inventory dataset,LOC001
PRD0257,77,Source reorder quantity from online grocery inventory dataset,LOC002
PRD0258,69,Source reorder quantity from online grocery inventory dataset,LOC003
PRD0259,75,Source reorder quantity from online grocery inventory dataset,LOC004
PRD0260,84,Source reorder quantity from online grocery inventory dataset,LOC005
PRD0261,33,Source reorder quantity from online grocery inventory dataset,LOC001
PRD0262,67,Source reorder quantity from online grocery inventory dataset,LOC002
PRD0263,92,Source reorder quantity from online grocery inventory dataset,LOC003
PRD0264,32,Source reorder quantity from online grocery inventory dataset,LOC004
PRD0265,50,Source reorder quantity from online grocery inventory dataset,LOC005
PRD0266,2,Source reorder quantity from online grocery inventory dataset,LOC001
PRD0267,25,Source reorder quantity from online grocery inventory dataset,LOC002
PRD0268,41,Source reorder quantity from online grocery inventory dataset,LOC003
PRD0269,3,Source reorder quantity from online grocery inventory dataset,LOC004
PRD0270,32,Source reorder quantity from online grocery inventory dataset,LOC005
PRD0271,17,Source reorder quantity from online grocery inventory dataset,LOC001
PRD0272,8,Source reorder quantity from online grocery inventory dataset,LOC002
PRD0273,41,Source reorder quantity from online grocery inventory dataset,LOC003
PRD0274,54,Source reorder quantity from online grocery inventory dataset,LOC004
PRD0275,39,Source reorder quantity from online grocery inventory dataset,LOC005
PRD0276,84,Source reorder quantity from online grocery inventory dataset,LOC001
PRD0277,15,Source reorder quantity from online grocery inventory dataset,LOC002
PRD0278,51,Source reorder quantity from online grocery inventory dataset,LOC003
PRD0279,78,Source reorder quantity from online grocery inventory dataset,LOC004
PRD0280,17,Source reorder quantity from online grocery inventory dataset,LOC005
PRD0281,21,Source reorder quantity from online grocery inventory dataset,LOC001
PRD0282,50,Source reorder quantity from online grocery inventory dataset,LOC002
PRD0283,65,Source reorder quantity from online grocery inventory dataset,LOC003
PRD0284,71,Source reorder quantity from online grocery inventory dataset,LOC004
PRD0285,23,Source reorder quantity from online grocery inventory dataset,LOC005
PRD0286,77,Source reorder quantity from online grocery inventory dataset,LOC001
PRD0287,61,Source reorder quantity from online grocery inventory dataset,LOC002
PRD0288,72,Source reorder quantity from online grocery inventory dataset,LOC003
PRD0289,100,Source reorder quantity from online grocery inventory dataset,LOC004
PRD0290,22,Source reorder quantity from online grocery inventory dataset,LOC005
PRD0291,25,Source reorder quantity from online grocery inventory dataset,LOC001
PRD0292,62,Source reorder quantity from online grocery inventory dataset,LOC002
PRD0293,63,Source reorder quantity from online grocery inventory dataset,LOC003
PRD0294,65,Source reorder quantity from online grocery inventory dataset,LOC004
PRD0295,27,Source reorder quantity from online grocery inventory dataset,LOC005
PRD0296,20,Source reorder quantity from online grocery inventory dataset,LOC001
PRD0297,45,Source reorder quantity from online grocery inventory dataset,LOC002
PRD0298,37,Source reorder quantity from online grocery inventory dataset,LOC003
PRD0299,37,Source reorder quantity from online grocery inventory dataset,LOC004
PRD0300,90,Source reorder quantity from online grocery inventory dataset,LOC005
PRD0301,54,Source reorder quantity from online grocery inventory dataset,LOC001
PRD0302,44,Source reorder quantity from online grocery inventory dataset,LOC002
PRD0303,89,Source reorder quantity from online grocery inventory dataset,LOC003
PRD0304,53,Source reorder quantity from online grocery inventory dataset,LOC004
PRD0305,21,Source reorder quantity from online grocery inventory dataset,LOC005
PRD0306,58,Source reorder quantity from online grocery inventory dataset,LOC001
PRD0307,43,Source reorder quantity from online grocery inventory dataset,LOC002
PRD0308,26,Source reorder quantity from online grocery inventory dataset,LOC003
PRD0309,93,Source reorder quantity from online grocery inventory dataset,LOC004
PRD0310,94,Source reorder quantity from online grocery inventory dataset,LOC005
PRD0311,85,Source reorder quantity from online grocery inventory dataset,LOC001
PRD0312,86,Source reorder quantity from online grocery inventory dataset,LOC002
PRD0313,26,Source reorder quantity from online grocery inventory dataset,LOC003
PRD0314,62,Source reorder quantity from online grocery inventory dataset,LOC004
PRD0315,75,Source reorder quantity from online grocery inventory dataset,LOC005
PRD0316,67,Source reorder quantity from online grocery inventory dataset,LOC001
PRD0317,10,Source reorder quantity from online grocery inventory dataset,LOC002
PRD0318,87,Source reorder quantity from online grocery inventory dataset,LOC003
PRD0319,98,Source reorder quantity from online grocery inventory dataset,LOC004
PRD0320,31,Source reorder quantity from online grocery inventory dataset,LOC005
PRD0321,80,Source reorder quantity from online grocery inventory dataset,LOC001
PRD0322,22,Source reorder quantity from online grocery inventory dataset,LOC002
PRD0323,34,Source reorder quantity from online grocery inventory dataset,LOC003
PRD0324,63,Source reorder quantity from online grocery inventory dataset,LOC004
PRD0325,92,Source reorder quantity from online grocery inventory dataset,LOC005
PRD0326,91,Source reorder quantity from online grocery inventory dataset,LOC001
PRD0327,76,Source reorder quantity from online grocery inventory dataset,LOC002
PRD0328,5,Source reorder quantity from online grocery inventory dataset,LOC003
PRD0329,45,Source reorder quantity from online grocery inventory dataset,LOC004
PRD0330,93,Source reorder quantity from online grocery inventory dataset,LOC005
PRD0331,15,Source reorder quantity from online grocery inventory dataset,LOC001
PRD0332,58,Source reorder quantity from online grocery inventory dataset,LOC002
PRD0333,49,Source reorder quantity from online grocery inventory dataset,LOC003
PRD0334,50,Source reorder quantity from online grocery inventory dataset,LOC004
PRD0335,54,Source reorder quantity from online grocery inventory dataset,LOC005
PRD0336,37,Source reorder quantity from online grocery inventory dataset,LOC001
PRD0337,29,Source reorder quantity from online grocery inventory dataset,LOC002
PRD0338,76,Source reorder quantity from online grocery inventory dataset,LOC003
PRD0339,87,Source reorder quantity from online grocery inventory dataset,LOC004
PRD0340,80,Source reorder quantity from online grocery inventory dataset,LOC005
PRD0341,28,Source reorder quantity from online grocery inventory dataset,LOC001
PRD0342,70,Source reorder quantity from online grocery inventory dataset,LOC002
PRD0343,63,Source reorder quantity from online grocery inventory dataset,LOC003
PRD0344,14,Source reorder quantity from online grocery inventory dataset,LOC004
PRD0345,21,Source reorder quantity from online grocery inventory dataset,LOC005
PRD0346,83,Source reorder quantity from online grocery inventory dataset,LOC001
PRD0347,72,Source reorder quantity from online grocery inventory dataset,LOC002
PRD0348,72,Source reorder quantity from online grocery inventory dataset,LOC003
PRD0349,19,Source reorder quantity from online grocery inventory dataset,LOC004
PRD0350,66,Source reorder quantity from online grocery inventory dataset,LOC005
PRD0351,12,Source reorder quantity from online grocery inventory dataset,LOC001
PRD0352,3,Source reorder quantity from online grocery inventory dataset,LOC002
PRD0353,40,Source reorder quantity from online grocery inventory dataset,LOC003
PRD0354,27,Source reorder quantity from online grocery inventory dataset,LOC004
PRD0355,23,Source reorder quantity from online grocery inventory dataset,LOC005
PRD0356,22,Source reorder quantity from online grocery inventory dataset,LOC001
PRD0357,33,Source reorder quantity from online grocery inventory dataset,LOC002
PRD0358,91,Source reorder quantity from online grocery inventory dataset,LOC003
PRD0359,85,Source reorder quantity from online grocery inventory dataset,LOC004
PRD0360,82,Source reorder quantity from online grocery inventory dataset,LOC005
PRD0361,77,Source reorder quantity from online grocery inventory dataset,LOC001
PRD0362,76,Source reorder quantity from online grocery inventory dataset,LOC002
PRD0363,73,Source reorder quantity from online grocery inventory dataset,LOC003
PRD0364,64,Source reorder quantity from online grocery inventory dataset,LOC004
PRD0365,93,Source reorder quantity from online grocery inventory dataset,LOC005
PRD0366,74,Source reorder quantity from online grocery inventory dataset,LOC001
PRD0367,42,Source reorder quantity from online grocery inventory dataset,LOC002
PRD0368,69,Source reorder quantity from online grocery inventory dataset,LOC003
PRD0369,63,Source reorder quantity from online grocery inventory dataset,LOC004
PRD0370,30,Source reorder quantity from online grocery inventory dataset,LOC005
PRD0371,60,Source reorder quantity from online grocery inventory dataset,LOC001
PRD0372,94,Source reorder quantity from online grocery inventory dataset,LOC002
PRD0373,30,Source reorder quantity from online grocery inventory dataset,LOC003
PRD0374,21,Source reorder quantity from online grocery inventory dataset,LOC004
PRD0375,99,Source reorder quantity from online grocery inventory dataset,LOC005
PRD0376,88,Source reorder quantity from online grocery inventory dataset,LOC001
PRD0377,76,Source reorder quantity from online grocery inventory dataset,LOC002
PRD0378,47,Source reorder quantity from online grocery inventory dataset,LOC003
PRD0379,36,Source reorder quantity from online grocery inventory dataset,LOC004
PRD0380,24,Source reorder quantity from online grocery inventory dataset,LOC005
PRD0381,41,Source reorder quantity from online grocery inventory dataset,LOC001
PRD0382,80,Source reorder quantity from online grocery inventory dataset,LOC002
PRD0383,32,Source reorder quantity from online grocery inventory dataset,LOC003
PRD0384,67,Source reorder quantity from online grocery inventory dataset,LOC004
PRD0385,79,Source reorder quantity from online grocery inventory dataset,LOC005
PRD0386,99,Source reorder quantity from online grocery inventory dataset,LOC001
PRD0387,79,Source reorder quantity from online grocery inventory dataset,LOC002
PRD0388,94,Source reorder quantity from online grocery inventory dataset,LOC003
PRD0389,3,Source reorder quantity from online grocery inventory dataset,LOC004
PRD0390,54,Source reorder quantity from online grocery inventory dataset,LOC005
PRD0391,52,Source reorder quantity from online grocery inventory dataset,LOC001
PRD0392,6,Source reorder quantity from online grocery inventory dataset,LOC002
PRD0393,68,Source reorder quantity from online grocery inventory dataset,LOC003
PRD0394,50,Source reorder quantity from online grocery inventory dataset,LOC004
PRD0395,13,Source reorder quantity from online grocery inventory dataset,LOC005
PRD0396,18,Source reorder quantity from online grocery inventory dataset,LOC001
PRD0397,89,Source reorder quantity from online grocery inventory dataset,LOC002
PRD0398,99,Source reorder quantity from online grocery inventory dataset,LOC003
PRD0399,12,Source reorder quantity from online grocery inventory dataset,LOC004
PRD0400,16,Source reorder quantity from online grocery inventory dataset,LOC005
PRD0401,39,Source reorder quantity from online grocery inventory dataset,LOC001
PRD0402,49,Source reorder quantity from online grocery inventory dataset,LOC002
PRD0403,92,Source reorder quantity from online grocery inventory dataset,LOC003
PRD0404,79,Source reorder quantity from online grocery inventory dataset,LOC004
PRD0405,78,Source reorder quantity from online grocery inventory dataset,LOC005
PRD0406,66,Source reorder quantity from online grocery inventory dataset,LOC001
PRD0407,5,Source reorder quantity from online grocery inventory dataset,LOC002
PRD0408,72,Source reorder quantity from online grocery inventory dataset,LOC003
PRD0409,94,Source reorder quantity from online grocery inventory dataset,LOC004
PRD0410,99,Source reorder quantity from online grocery inventory dataset,LOC005
PRD0411,25,Source reorder quantity from online grocery inventory dataset,LOC001
PRD0412,11,Source reorder quantity from online grocery inventory dataset,LOC002
PRD0413,66,Source reorder quantity from online grocery inventory dataset,LOC003
PRD0414,28,Source reorder quantity from online grocery inventory dataset,LOC004
PRD0415,94,Source reorder quantity from online grocery inventory dataset,LOC005
PRD0416,41,Source reorder quantity from online grocery inventory dataset,LOC001
PRD0417,81,Source reorder quantity from online grocery inventory dataset,LOC002
PRD0418,62,Source reorder quantity from online grocery inventory dataset,LOC003
PRD0419,71,Source reorder quantity from online grocery inventory dataset,LOC004
PRD0420,94,Source reorder quantity from online grocery inventory dataset,LOC005
PRD0421,35,Source reorder quantity from online grocery inventory dataset,LOC001
PRD0422,17,Source reorder quantity from online grocery inventory dataset,LOC002
PRD0423,80,Source reorder quantity from online grocery inventory dataset,LOC003
PRD0424,32,Source reorder quantity from online grocery inventory dataset,LOC004
PRD0425,87,Source reorder quantity from online grocery inventory dataset,LOC005
PRD0426,5,Source reorder quantity from online grocery inventory dataset,LOC001
PRD0427,36,Source reorder quantity from online grocery inventory dataset,LOC002
PRD0428,37,Source reorder quantity from online grocery inventory dataset,LOC003
PRD0429,85,Source reorder quantity from online grocery inventory dataset,LOC004
PRD0430,36,Source reorder quantity from online grocery inventory dataset,LOC005
PRD0431,57,Source reorder quantity from online grocery inventory dataset,LOC001
PRD0432,70,Source reorder quantity from online grocery inventory dataset,LOC002
PRD0433,74,Source reorder quantity from online grocery inventory dataset,LOC003
PRD0434,17,Source reorder quantity from online grocery inventory dataset,LOC004
PRD0435,78,Source reorder quantity from online grocery inventory dataset,LOC005
PRD0436,70,Source reorder quantity from online grocery inventory dataset,LOC001
PRD0437,51,Source reorder quantity from online grocery inventory dataset,LOC002
PRD0438,80,Source reorder quantity from online grocery inventory dataset,LOC003
PRD0439,97,Source reorder quantity from online grocery inventory dataset,LOC004
PRD0440,8,Source reorder quantity from online grocery inventory dataset,LOC005
PRD0441,5,Source reorder quantity from online grocery inventory dataset,LOC001
PRD0442,20,Source reorder quantity from online grocery inventory dataset,LOC002
PRD0443,21,Source reorder quantity from online grocery inventory dataset,LOC003
PRD0444,54,Source reorder quantity from online grocery inventory dataset,LOC004
PRD0445,18,Source reorder quantity from online grocery inventory dataset,LOC005
PRD0446,72,Source reorder quantity from online grocery inventory dataset,LOC001
PRD0447,90,Source reorder quantity from online grocery inventory dataset,LOC002
PRD0448,73,Source reorder quantity from online grocery inventory dataset,LOC003
PRD0449,87,Source reorder quantity from online grocery inventory dataset,LOC004
PRD0450,33,Source reorder quantity from online grocery inventory dataset,LOC005
PRD0451,63,Source reorder quantity from online grocery inventory dataset,LOC001
PRD0452,97,Source reorder quantity from online grocery inventory dataset,LOC002
PRD0453,85,Source reorder quantity from online grocery inventory dataset,LOC003
PRD0454,8,Source reorder quantity from online grocery inventory dataset,LOC004
PRD0455,56,Source reorder quantity from online grocery inventory dataset,LOC005
PRD0456,8,Source reorder quantity from online grocery inventory dataset,LOC001
PRD0457,88,Source reorder quantity from online grocery inventory dataset,LOC002
PRD0458,26,Source reorder quantity from online grocery inventory dataset,LOC003
PRD0459,74,Source reorder quantity from online grocery inventory dataset,LOC004
PRD0460,19,Source reorder quantity from online grocery inventory dataset,LOC005
PRD0461,94,Source reorder quantity from online grocery inventory dataset,LOC001
PRD0462,58,Source reorder quantity from online grocery inventory dataset,LOC002
PRD0463,85,Source reorder quantity from online grocery inventory dataset,LOC003
PRD0464,62,Source reorder quantity from online grocery inventory dataset,LOC004
PRD0465,36,Source reorder quantity from online grocery inventory dataset,LOC005
PRD0466,44,Source reorder quantity from online grocery inventory dataset,LOC001
PRD0467,100,Source reorder quantity from online grocery inventory dataset,LOC002
PRD0468,94,Source reorder quantity from online grocery inventory dataset,LOC003
PRD0469,43,Source reorder quantity from online grocery inventory dataset,LOC004
PRD0470,59,Source reorder quantity from online grocery inventory dataset,LOC005
PRD0471,21,Source reorder quantity from online grocery inventory dataset,LOC001
PRD0472,91,Source reorder quantity from online grocery inventory dataset,LOC002
PRD0473,65,Source reorder quantity from online grocery inventory dataset,LOC003
PRD0474,58,Source reorder quantity from online grocery inventory dataset,LOC004
PRD0475,81,Source reorder quantity from online grocery inventory dataset,LOC005
PRD0476,49,Source reorder quantity from online grocery inventory dataset,LOC001
PRD0477,80,Source reorder quantity from online grocery inventory dataset,LOC002
PRD0478,24,Source reorder quantity from online grocery inventory dataset,LOC003
PRD0479,90,Source reorder quantity from online grocery inventory dataset,LOC004
PRD0480,43,Source reorder quantity from online grocery inventory dataset,LOC005
PRD0481,78,Source reorder quantity from online grocery inventory dataset,LOC001
PRD0482,29,Source reorder quantity from online grocery inventory dataset,LOC002
PRD0483,73,Source reorder quantity from online grocery inventory dataset,LOC003
PRD0484,6,Source reorder quantity from online grocery inventory dataset,LOC004
PRD0485,43,Source reorder quantity from online grocery inventory dataset,LOC005
PRD0486,24,Source reorder quantity from online grocery inventory dataset,LOC001
PRD0487,6,Source reorder quantity from online grocery inventory dataset,LOC002
PRD0488,77,Source reorder quantity from online grocery inventory dataset,LOC003
PRD0489,77,Source reorder quantity from online grocery inventory dataset,LOC004
PRD0490,87,Source reorder quantity from online grocery inventory dataset,LOC005
PRD0491,15,Source reorder quantity from online grocery inventory dataset,LOC001
PRD0492,86,Source reorder quantity from online grocery inventory dataset,LOC002
PRD0493,14,Source reorder quantity from online grocery inventory dataset,LOC003
PRD0494,30,Source reorder quantity from online grocery inventory dataset,LOC004
PRD0495,13,Source reorder quantity from online grocery inventory dataset,LOC005
PRD0496,57,Source reorder quantity from online grocery inventory dataset,LOC001
PRD0497,41,Source reorder quantity from online grocery inventory dataset,LOC002
PRD0498,66,Source reorder quantity from online grocery inventory dataset,LOC003
PRD0499,77,Source reorder quantity from online grocery inventory dataset,LOC004
PRD0500,27,Source reorder quantity from online grocery inventory dataset,LOC005
PRD0501,41,Source reorder quantity from online grocery inventory dataset,LOC001
PRD0502,49,Source reorder quantity from online grocery inventory dataset,LOC002
PRD0503,53,Source reorder quantity from online grocery inventory dataset,LOC003
PRD0504,44,Source reorder quantity from online grocery inventory dataset,LOC004
PRD0505,26,Source reorder quantity from online grocery inventory dataset,LOC005
PRD0506,81,Source reorder quantity from online grocery inventory dataset,LOC001
PRD0507,16,Source reorder quantity from online grocery inventory dataset,LOC002
PRD0508,79,Source reorder quantity from online grocery inventory dataset,LOC003
PRD0509,58,Source reorder quantity from online grocery inventory dataset,LOC004
PRD0510,74,Source reorder quantity from online grocery inventory dataset,LOC005
PRD0511,25,Source reorder quantity from online grocery inventory dataset,LOC001
PRD0512,36,Source reorder quantity from online grocery inventory dataset,LOC002
PRD0513,68,Source reorder quantity from online grocery inventory dataset,LOC003
PRD0514,2,Source reorder quantity from online grocery inventory dataset,LOC004
PRD0515,40,Source reorder quantity from online grocery inventory dataset,LOC005
PRD0516,27,Source reorder quantity from online grocery inventory dataset,LOC001
PRD0517,86,Source reorder quantity from online grocery inventory dataset,LOC002
PRD0518,82,Source reorder quantity from online grocery inventory dataset,LOC003
PRD0519,31,Source reorder quantity from online grocery inventory dataset,LOC004
PRD0520,74,Source reorder quantity from online grocery inventory dataset,LOC005
PRD0521,98,Source reorder quantity from online grocery inventory dataset,LOC001
PRD0522,95,Source reorder quantity from online grocery inventory dataset,LOC002
PRD0523,74,Source reorder quantity from online grocery inventory dataset,LOC003
PRD0524,94,Source reorder quantity from online grocery inventory dataset,LOC004
PRD0525,68,Source reorder quantity from online grocery inventory dataset,LOC005
PRD0526,4,Source reorder quantity from online grocery inventory dataset,LOC001
PRD0527,12,Source reorder quantity from online grocery inventory dataset,LOC002
PRD0528,63,Source reorder quantity from online grocery inventory dataset,LOC003
PRD0529,48,Source reorder quantity from online grocery inventory dataset,LOC004
PRD0530,62,Source reorder quantity from online grocery inventory dataset,LOC005
PRD0531,32,Source reorder quantity from online grocery inventory dataset,LOC001
PRD0532,46,Source reorder quantity from online grocery inventory dataset,LOC002
PRD0533,61,Source reorder quantity from online grocery inventory dataset,LOC003
PRD0534,38,Source reorder quantity from online grocery inventory dataset,LOC004
PRD0535,76,Source reorder quantity from online grocery inventory dataset,LOC005
PRD0536,61,Source reorder quantity from online grocery inventory dataset,LOC001
PRD0537,68,Source reorder quantity from online grocery inventory dataset,LOC002
PRD0538,73,Source reorder quantity from online grocery inventory dataset,LOC003
PRD0539,74,Source reorder quantity from online grocery inventory dataset,LOC004
PRD0540,58,Source reorder quantity from online grocery inventory dataset,LOC005
PRD0541,69,Source reorder quantity from online grocery inventory dataset,LOC001
PRD0542,57,Source reorder quantity from online grocery inventory dataset,LOC002
PRD0543,55,Source reorder quantity from online grocery inventory dataset,LOC003
PRD0544,87,Source reorder quantity from online grocery inventory dataset,LOC004
PRD0545,39,Source reorder quantity from online grocery inventory dataset,LOC005
PRD0546,29,Source reorder quantity from online grocery inventory dataset,LOC001
PRD0547,4,Source reorder quantity from online grocery inventory dataset,LOC002
PRD0548,15,Source reorder quantity from online grocery inventory dataset,LOC003
PRD0549,27,Source reorder quantity from online grocery inventory dataset,LOC004
PRD0550,74,Source reorder quantity from online grocery inventory dataset,LOC005
PRD0551,26,Source reorder quantity from online grocery inventory dataset,LOC001
PRD0552,82,Source reorder quantity from online grocery inventory dataset,LOC002
PRD0553,69,Source reorder quantity from online grocery inventory dataset,LOC003
PRD0554,2,Source reorder quantity from online grocery inventory dataset,LOC004
PRD0555,52,Source reorder quantity from online grocery inventory dataset,LOC005
PRD0556,60,Source reorder quantity from online grocery inventory dataset,LOC001
PRD0557,45,Source reorder quantity from online grocery inventory dataset,LOC002
PRD0558,16,Source reorder quantity from online grocery inventory dataset,LOC003
PRD0559,82,Source reorder quantity from online grocery inventory dataset,LOC004
PRD0560,97,Source reorder quantity from online grocery inventory dataset,LOC005
PRD0561,28,Source reorder quantity from online grocery inventory dataset,LOC001
PRD0562,34,Source reorder quantity from online grocery inventory dataset,LOC002
PRD0563,57,Source reorder quantity from online grocery inventory dataset,LOC003
PRD0564,86,Source reorder quantity from online grocery inventory dataset,LOC004
PRD0565,82,Source reorder quantity from online grocery inventory dataset,LOC005
PRD0566,39,Source reorder quantity from online grocery inventory dataset,LOC001
PRD0567,3,Source reorder quantity from online grocery inventory dataset,LOC002
PRD0568,69,Source reorder quantity from online grocery inventory dataset,LOC003
PRD0569,11,Source reorder quantity from online grocery inventory dataset,LOC004
PRD0570,37,Source reorder quantity from online grocery inventory dataset,LOC005
PRD0571,47,Source reorder quantity from online grocery inventory dataset,LOC001
PRD0572,10,Source reorder quantity from online grocery inventory dataset,LOC002
PRD0573,69,Source reorder quantity from online grocery inventory dataset,LOC003
PRD0574,52,Source reorder quantity from online grocery inventory dataset,LOC004
PRD0575,100,Source reorder quantity from online grocery inventory dataset,LOC005
PRD0576,100,Source reorder quantity from online grocery inventory dataset,LOC001
PRD0577,57,Source reorder quantity from online grocery inventory dataset,LOC002
PRD0578,31,Source reorder quantity from online grocery inventory dataset,LOC003
PRD0579,15,Source reorder quantity from online grocery inventory dataset,LOC004
PRD0580,17,Source reorder quantity from online grocery inventory dataset,LOC005
PRD0581,57,Source reorder quantity from online grocery inventory dataset,LOC001
PRD0582,81,Source reorder quantity from online grocery inventory dataset,LOC002
PRD0583,18,Source reorder quantity from online grocery inventory dataset,LOC003
PRD0584,39,Source reorder quantity from online grocery inventory dataset,LOC004
PRD0585,46,Source reorder quantity from online grocery inventory dataset,LOC005
PRD0586,78,Source reorder quantity from online grocery inventory dataset,LOC001
PRD0587,9,Source reorder quantity from online grocery inventory dataset,LOC002
PRD0588,100,Source reorder quantity from online grocery inventory dataset,LOC003
PRD0589,78,Source reorder quantity from online grocery inventory dataset,LOC004
PRD0590,74,Source reorder quantity from online grocery inventory dataset,LOC005
PRD0591,47,Source reorder quantity from online grocery inventory dataset,LOC001
PRD0592,10,Source reorder quantity from online grocery inventory dataset,LOC002
PRD0593,12,Source reorder quantity from online grocery inventory dataset,LOC003
PRD0594,92,Source reorder quantity from online grocery inventory dataset,LOC004
PRD0595,65,Source reorder quantity from online grocery inventory dataset,LOC005
PRD0596,100,Source reorder quantity from online grocery inventory dataset,LOC001
PRD0597,97,Source reorder quantity from online grocery inventory dataset,LOC002
PRD0598,17,Source reorder quantity from online grocery inventory dataset,LOC003
PRD0599,59,Source reorder quantity from online grocery inventory dataset,LOC004
PRD0600,80,Source reorder quantity from online grocery inventory dataset,LOC005
PRD0601,94,Source reorder quantity from online grocery inventory dataset,LOC001
PRD0602,66,Source reorder quantity from online grocery inventory dataset,LOC002
PRD0603,74,Source reorder quantity from online grocery inventory dataset,LOC003
PRD0604,98,Source reorder quantity from online grocery inventory dataset,LOC004
PRD0605,69,Source reorder quantity from online grocery inventory dataset,LOC005
PRD0606,11,Source reorder quantity from online grocery inventory dataset,LOC001
PRD0607,98,Source reorder quantity from online grocery inventory dataset,LOC002
PRD0608,71,Source reorder quantity from online grocery inventory dataset,LOC003
PRD0609,89,Source reorder quantity from online grocery inventory dataset,LOC004
PRD0610,68,Source reorder quantity from online grocery inventory dataset,LOC005
PRD0611,69,Source reorder quantity from online grocery inventory dataset,LOC001
PRD0612,4,Source reorder quantity from online grocery inventory dataset,LOC002
PRD0613,6,Source reorder quantity from online grocery inventory dataset,LOC003
PRD0614,53,Source reorder quantity from online grocery inventory dataset,LOC004
PRD0615,70,Source reorder quantity from online grocery inventory dataset,LOC005
PRD0616,22,Source reorder quantity from online grocery inventory dataset,LOC001
PRD0617,6,Source reorder quantity from online grocery inventory dataset,LOC002
PRD0618,29,Source reorder quantity from online grocery inventory dataset,LOC003
PRD0619,64,Source reorder quantity from online grocery inventory dataset,LOC004
PRD0620,1,Source reorder quantity from online grocery inventory dataset,LOC005
PRD0621,44,Source reorder quantity from online grocery inventory dataset,LOC001
PRD0622,5,Source reorder quantity from online grocery inventory dataset,LOC002
PRD0623,13,Source reorder quantity from online grocery inventory dataset,LOC003
PRD0624,68,Source reorder quantity from online grocery inventory dataset,LOC004
PRD0625,85,Source reorder quantity from online grocery inventory dataset,LOC005
PRD0626,4,Source reorder quantity from online grocery inventory dataset,LOC001
PRD0627,42,Source reorder quantity from online grocery inventory dataset,LOC002
PRD0628,18,Source reorder quantity from online grocery inventory dataset,LOC003
PRD0629,74,Source reorder quantity from online grocery inventory dataset,LOC004
PRD0630,59,Source reorder quantity from online grocery inventory dataset,LOC005
PRD0631,98,Source reorder quantity from online grocery inventory dataset,LOC001
PRD0632,76,Source reorder quantity from online grocery inventory dataset,LOC002
PRD0633,2,Source reorder quantity from online grocery inventory dataset,LOC003
PRD0634,100,Source reorder quantity from online grocery inventory dataset,LOC004
PRD0635,20,Source reorder quantity from online grocery inventory dataset,LOC005
PRD0636,88,Source reorder quantity from online grocery inventory dataset,LOC001
PRD0637,35,Source reorder quantity from online grocery inventory dataset,LOC002
PRD0638,7,Source reorder quantity from online grocery inventory dataset,LOC003
PRD0639,18,Source reorder quantity from online grocery inventory dataset,LOC004
PRD0640,98,Source reorder quantity from online grocery inventory dataset,LOC005
PRD0641,19,Source reorder quantity from online grocery inventory dataset,LOC001
PRD0642,11,Source reorder quantity from online grocery inventory dataset,LOC002
PRD0643,7,Source reorder quantity from online grocery inventory dataset,LOC003
PRD0644,54,Source reorder quantity from online grocery inventory dataset,LOC004
PRD0645,71,Source reorder quantity from online grocery inventory dataset,LOC005
PRD0646,69,Source reorder quantity from online grocery inventory dataset,LOC001
PRD0647,27,Source reorder quantity from online grocery inventory dataset,LOC002
PRD0648,90,Source reorder quantity from online grocery inventory dataset,LOC003
PRD0649,91,Source reorder quantity from online grocery inventory dataset,LOC004
PRD0650,15,Source reorder quantity from online grocery inventory dataset,LOC005
PRD0651,88,Source reorder quantity from online grocery inventory dataset,LOC001
PRD0652,42,Source reorder quantity from online grocery inventory dataset,LOC002
PRD0653,40,Source reorder quantity from online grocery inventory dataset,LOC003
PRD0654,12,Source reorder quantity from online grocery inventory dataset,LOC004
PRD0655,2,Source reorder quantity from online grocery inventory dataset,LOC005
PRD0656,6,Source reorder quantity from online grocery inventory dataset,LOC001
PRD0657,41,Source reorder quantity from online grocery inventory dataset,LOC002
PRD0658,87,Source reorder quantity from online grocery inventory dataset,LOC003
PRD0659,20,Source reorder quantity from online grocery inventory dataset,LOC004
PRD0660,45,Source reorder quantity from online grocery inventory dataset,LOC005
PRD0661,29,Source reorder quantity from online grocery inventory dataset,LOC001
PRD0662,33,Source reorder quantity from online grocery inventory dataset,LOC002
PRD0663,71,Source reorder quantity from online grocery inventory dataset,LOC003
PRD0664,20,Source reorder quantity from online grocery inventory dataset,LOC004
PRD0665,66,Source reorder quantity from online grocery inventory dataset,LOC005
PRD0666,93,Source reorder quantity from online grocery inventory dataset,LOC001
PRD0667,89,Source reorder quantity from online grocery inventory dataset,LOC002
PRD0668,77,Source reorder quantity from online grocery inventory dataset,LOC003
PRD0669,37,Source reorder quantity from online grocery inventory dataset,LOC004
PRD0670,71,Source reorder quantity from online grocery inventory dataset,LOC005
PRD0671,25,Source reorder quantity from online grocery inventory dataset,LOC001
PRD0672,61,Source reorder quantity from online grocery inventory dataset,LOC002
PRD0673,33,Source reorder quantity from online grocery inventory dataset,LOC003
PRD0674,100,Source reorder quantity from online grocery inventory dataset,LOC004
PRD0675,48,Source reorder quantity from online grocery inventory dataset,LOC005
PRD0676,49,Source reorder quantity from online grocery inventory dataset,LOC001
PRD0677,81,Source reorder quantity from online grocery inventory dataset,LOC002
PRD0678,40,Source reorder quantity from online grocery inventory dataset,LOC003
PRD0679,67,Source reorder quantity from online grocery inventory dataset,LOC004
PRD0680,3,Source reorder quantity from online grocery inventory dataset,LOC005
PRD0681,11,Source reorder quantity from online grocery inventory dataset,LOC001
PRD0682,15,Source reorder quantity from online grocery inventory dataset,LOC002
PRD0683,45,Source reorder quantity from online grocery inventory dataset,LOC003
PRD0684,36,Source reorder quantity from online grocery inventory dataset,LOC004
PRD0685,54,Source reorder quantity from online grocery inventory dataset,LOC005
PRD0686,68,Source reorder quantity from online grocery inventory dataset,LOC001
PRD0687,32,Source reorder quantity from online grocery inventory dataset,LOC002
PRD0688,3,Source reorder quantity from online grocery inventory dataset,LOC003
PRD0689,51,Source reorder quantity from online grocery inventory dataset,LOC004
PRD0690,86,Source reorder quantity from online grocery inventory dataset,LOC005
PRD0691,73,Source reorder quantity from online grocery inventory dataset,LOC001
PRD0692,11,Source reorder quantity from online grocery inventory dataset,LOC002
PRD0693,88,Source reorder quantity from online grocery inventory dataset,LOC003
PRD0694,36,Source reorder quantity from online grocery inventory dataset,LOC004
PRD0695,96,Source reorder quantity from online grocery inventory dataset,LOC005
PRD0696,28,Source reorder quantity from online grocery inventory dataset,LOC001
PRD0697,21,Source reorder quantity from online grocery inventory dataset,LOC002
PRD0698,75,Source reorder quantity from online grocery inventory dataset,LOC003
PRD0699,37,Source reorder quantity from online grocery inventory dataset,LOC004
PRD0700,23,Source reorder quantity from online grocery inventory dataset,LOC005
PRD0701,38,Source reorder quantity from online grocery inventory dataset,LOC001
PRD0702,4,Source reorder quantity from online grocery inventory dataset,LOC002
PRD0703,68,Source reorder quantity from online grocery inventory dataset,LOC003
PRD0704,24,Source reorder quantity from online grocery inventory dataset,LOC004
PRD0705,32,Source reorder quantity from online grocery inventory dataset,LOC005
PRD0706,24,Source reorder quantity from online grocery inventory dataset,LOC001
PRD0707,45,Source reorder quantity from online grocery inventory dataset,LOC002
PRD0708,6,Source reorder quantity from online grocery inventory dataset,LOC003
PRD0709,67,Source reorder quantity from online grocery inventory dataset,LOC004
PRD0710,28,Source reorder quantity from online grocery inventory dataset,LOC005
PRD0711,36,Source reorder quantity from online grocery inventory dataset,LOC001
PRD0712,61,Source reorder quantity from online grocery inventory dataset,LOC002
PRD0713,27,Source reorder quantity from online grocery inventory dataset,LOC003
PRD0714,28,Source reorder quantity from online grocery inventory dataset,LOC004
PRD0715,23,Source reorder quantity from online grocery inventory dataset,LOC005
PRD0716,6,Source reorder quantity from online grocery inventory dataset,LOC001
PRD0717,75,Source reorder quantity from online grocery inventory dataset,LOC002
PRD0718,20,Source reorder quantity from online grocery inventory dataset,LOC003
PRD0719,14,Source reorder quantity from online grocery inventory dataset,LOC004
PRD0720,15,Source reorder quantity from online grocery inventory dataset,LOC005
PRD0721,28,Source reorder quantity from online grocery inventory dataset,LOC001
PRD0722,29,Source reorder quantity from online grocery inventory dataset,LOC002
PRD0723,25,Source reorder quantity from online grocery inventory dataset,LOC003
PRD0724,77,Source reorder quantity from online grocery inventory dataset,LOC004
PRD0725,30,Source reorder quantity from online grocery inventory dataset,LOC005
PRD0726,34,Source reorder quantity from online grocery inventory dataset,LOC001
PRD0727,41,Source reorder quantity from online grocery inventory dataset,LOC002
PRD0728,16,Source reorder quantity from online grocery inventory dataset,LOC003
PRD0729,45,Source reorder quantity from online grocery inventory dataset,LOC004
PRD0730,77,Source reorder quantity from online grocery inventory dataset,LOC005
PRD0731,71,Source reorder quantity from online grocery inventory dataset,LOC001
PRD0732,5,Source reorder quantity from online grocery inventory dataset,LOC002
PRD0733,76,Source reorder quantity from online grocery inventory dataset,LOC003
PRD0734,46,Source reorder quantity from online grocery inventory dataset,LOC004
PRD0735,29,Source reorder quantity from online grocery inventory dataset,LOC005
PRD0736,9,Source reorder quantity from online grocery inventory dataset,LOC001
PRD0737,45,Source reorder quantity from online grocery inventory dataset,LOC002
PRD0738,9,Source reorder quantity from online grocery inventory dataset,LOC003
PRD0739,4,Source reorder quantity from online grocery inventory dataset,LOC004
PRD0740,40,Source reorder quantity from online grocery inventory dataset,LOC005
PRD0741,20,Source reorder quantity from online grocery inventory dataset,LOC001
PRD0742,64,Source reorder quantity from online grocery inventory dataset,LOC002
PRD0743,24,Source reorder quantity from online grocery inventory dataset,LOC003
PRD0744,12,Source reorder quantity from online grocery inventory dataset,LOC004
PRD0745,65,Source reorder quantity from online grocery inventory dataset,LOC005
PRD0746,98,Source reorder quantity from online grocery inventory dataset,LOC001
PRD0747,86,Source reorder quantity from online grocery inventory dataset,LOC002
PRD0748,79,Source reorder quantity from online grocery inventory dataset,LOC003
PRD0749,53,Source reorder quantity from online grocery inventory dataset,LOC004
PRD0750,99,Source reorder quantity from online grocery inventory dataset,LOC005
PRD0751,96,Source reorder quantity from online grocery inventory dataset,LOC001
PRD0752,71,Source reorder quantity from online grocery inventory dataset,LOC002
PRD0753,37,Source reorder quantity from online grocery inventory dataset,LOC003
PRD0754,35,Source reorder quantity from online grocery inventory dataset,LOC004
PRD0755,47,Source reorder quantity from online grocery inventory dataset,LOC005
PRD0756,34,Source reorder quantity from online grocery inventory dataset,LOC001
PRD0757,12,Source reorder quantity from online grocery inventory dataset,LOC002
PRD0758,77,Source reorder quantity from online grocery inventory dataset,LOC003
PRD0759,32,Source reorder quantity from online grocery inventory dataset,LOC004
PRD0760,49,Source reorder quantity from online grocery inventory dataset,LOC005
PRD0761,76,Source reorder quantity from online grocery inventory dataset,LOC001
PRD0762,64,Source reorder quantity from online grocery inventory dataset,LOC002
PRD0763,69,Source reorder quantity from online grocery inventory dataset,LOC003
PRD0764,28,Source reorder quantity from online grocery inventory dataset,LOC004
PRD0765,94,Source reorder quantity from online grocery inventory dataset,LOC005
PRD0766,42,Source reorder quantity from online grocery inventory dataset,LOC001
PRD0767,60,Source reorder quantity from online grocery inventory dataset,LOC002
PRD0768,12,Source reorder quantity from online grocery inventory dataset,LOC003
PRD0769,69,Source reorder quantity from online grocery inventory dataset,LOC004
PRD0770,52,Source reorder quantity from online grocery inventory dataset,LOC005
PRD0771,60,Source reorder quantity from online grocery inventory dataset,LOC001
PRD0772,92,Source reorder quantity from online grocery inventory dataset,LOC002
PRD0773,86,Source reorder quantity from online grocery inventory dataset,LOC003
PRD0774,23,Source reorder quantity from online grocery inventory dataset,LOC004
PRD0775,98,Source reorder quantity from online grocery inventory dataset,LOC005
PRD0776,80,Source reorder quantity from online grocery inventory dataset,LOC001
PRD0777,82,Source reorder quantity from online grocery inventory dataset,LOC002
PRD0778,65,Source reorder quantity from online grocery inventory dataset,LOC003
PRD0779,62,Source reorder quantity from online grocery inventory dataset,LOC004
PRD0780,90,Source reorder quantity from online grocery inventory dataset,LOC005
PRD0781,43,Source reorder quantity from online grocery inventory dataset,LOC001
PRD0782,91,Source reorder quantity from online grocery inventory dataset,LOC002
PRD0783,60,Source reorder quantity from online grocery inventory dataset,LOC003
PRD0784,30,Source reorder quantity from online grocery inventory dataset,LOC004
PRD0785,46,Source reorder quantity from online grocery inventory dataset,LOC005
PRD0786,57,Source reorder quantity from online grocery inventory dataset,LOC001
PRD0787,23,Source reorder quantity from online grocery inventory dataset,LOC002
PRD0788,42,Source reorder quantity from online grocery inventory dataset,LOC003
PRD0789,17,Source reorder quantity from online grocery inventory dataset,LOC004
PRD0790,3,Source reorder quantity from online grocery inventory dataset,LOC005
PRD0791,41,Source reorder quantity from online grocery inventory dataset,LOC001
PRD0792,67,Source reorder quantity from online grocery inventory dataset,LOC002
PRD0793,81,Source reorder quantity from online grocery inventory dataset,LOC003
PRD0794,78,Source reorder quantity from online grocery inventory dataset,LOC004
PRD0795,31,Source reorder quantity from online grocery inventory dataset,LOC005
PRD0796,52,Source reorder quantity from online grocery inventory dataset,LOC001
PRD0797,45,Source reorder quantity from online grocery inventory dataset,LOC002
PRD0798,10,Source reorder quantity from online grocery inventory dataset,LOC003
PRD0799,22,Source reorder quantity from online grocery inventory dataset,LOC004
PRD0800,86,Source reorder quantity from online grocery inventory dataset,LOC005
PRD0801,85,Source reorder quantity from online grocery inventory dataset,LOC001
PRD0802,4,Source reorder quantity from online grocery inventory dataset,LOC002
PRD0803,54,Source reorder quantity from online grocery inventory dataset,LOC003
PRD0804,88,Source reorder quantity from online grocery inventory dataset,LOC004
PRD0805,13,Source reorder quantity from online grocery inventory dataset,LOC005
PRD0806,21,Source reorder quantity from online grocery inventory dataset,LOC001
PRD0807,4,Source reorder quantity from online grocery inventory dataset,LOC002
PRD0808,9,Source reorder quantity from online grocery inventory dataset,LOC003
PRD0809,96,Source reorder quantity from online grocery inventory dataset,LOC004
PRD0810,15,Source reorder quantity from online grocery inventory dataset,LOC005
PRD0811,62,Source reorder quantity from online grocery inventory dataset,LOC001
PRD0812,44,Source reorder quantity from online grocery inventory dataset,LOC002
PRD0813,95,Source reorder quantity from online grocery inventory dataset,LOC003
PRD0814,43,Source reorder quantity from online grocery inventory dataset,LOC004
PRD0815,80,Source reorder quantity from online grocery inventory dataset,LOC005
PRD0816,18,Source reorder quantity from online grocery inventory dataset,LOC001
PRD0817,3,Source reorder quantity from online grocery inventory dataset,LOC002
PRD0818,20,Source reorder quantity from online grocery inventory dataset,LOC003
PRD0819,94,Source reorder quantity from online grocery inventory dataset,LOC004
PRD0820,49,Source reorder quantity from online grocery inventory dataset,LOC005
PRD0821,86,Source reorder quantity from online grocery inventory dataset,LOC001
PRD0822,17,Source reorder quantity from online grocery inventory dataset,LOC002
PRD0823,63,Source reorder quantity from online grocery inventory dataset,LOC003
PRD0824,87,Source reorder quantity from online grocery inventory dataset,LOC004
PRD0825,10,Source reorder quantity from online grocery inventory dataset,LOC005
PRD0826,62,Source reorder quantity from online grocery inventory dataset,LOC001
PRD0827,28,Source reorder quantity from online grocery inventory dataset,LOC002
PRD0828,48,Source reorder quantity from online grocery inventory dataset,LOC003
PRD0829,65,Source reorder quantity from online grocery inventory dataset,LOC004
PRD0830,57,Source reorder quantity from online grocery inventory dataset,LOC005
PRD0831,98,Source reorder quantity from online grocery inventory dataset,LOC001
PRD0832,57,Source reorder quantity from online grocery inventory dataset,LOC002
PRD0833,79,Source reorder quantity from online grocery inventory dataset,LOC003
PRD0834,73,Source reorder quantity from online grocery inventory dataset,LOC004
PRD0835,72,Source reorder quantity from online grocery inventory dataset,LOC005
PRD0836,71,Source reorder quantity from online grocery inventory dataset,LOC001
PRD0837,90,Source reorder quantity from online grocery inventory dataset,LOC002
PRD0838,7,Source reorder quantity from online grocery inventory dataset,LOC003
PRD0839,50,Source reorder quantity from online grocery inventory dataset,LOC004
PRD0840,8,Source reorder quantity from online grocery inventory dataset,LOC005
PRD0841,43,Source reorder quantity from online grocery inventory dataset,LOC001
PRD0842,40,Source reorder quantity from online grocery inventory dataset,LOC002
PRD0843,84,Source reorder quantity from online grocery inventory dataset,LOC003
PRD0844,68,Source reorder quantity from online grocery inventory dataset,LOC004
PRD0845,92,Source reorder quantity from online grocery inventory dataset,LOC005
PRD0846,5,Source reorder quantity from online grocery inventory dataset,LOC001
PRD0847,1,Source reorder quantity from online grocery inventory dataset,LOC002
PRD0848,10,Source reorder quantity from online grocery inventory dataset,LOC003
PRD0849,55,Source reorder quantity from online grocery inventory dataset,LOC004
PRD0850,70,Source reorder quantity from online grocery inventory dataset,LOC005
PRD0851,70,Source reorder quantity from online grocery inventory dataset,LOC001
PRD0852,29,Source reorder quantity from online grocery inventory dataset,LOC002
PRD0853,1,Source reorder quantity from online grocery inventory dataset,LOC003
PRD0854,90,Source reorder quantity from online grocery inventory dataset,LOC004
PRD0855,97,Source reorder quantity from online grocery inventory dataset,LOC005
PRD0856,100,Source reorder quantity from online grocery inventory dataset,LOC001
PRD0857,21,Source reorder quantity from online grocery inventory dataset,LOC002
PRD0858,26,Source reorder quantity from online grocery inventory dataset,LOC003
PRD0859,48,Source reorder quantity from online grocery inventory dataset,LOC004
PRD0860,67,Source reorder quantity from online grocery inventory dataset,LOC005
PRD0861,26,Source reorder quantity from online grocery inventory dataset,LOC001
PRD0862,64,Source reorder quantity from online grocery inventory dataset,LOC002
PRD0863,9,Source reorder quantity from online grocery inventory dataset,LOC003
PRD0864,62,Source reorder quantity from online grocery inventory dataset,LOC004
PRD0865,87,Source reorder quantity from online grocery inventory dataset,LOC005
PRD0866,100,Source reorder quantity from online grocery inventory dataset,LOC001
PRD0867,47,Source reorder quantity from online grocery inventory dataset,LOC002
PRD0868,74,Source reorder quantity from online grocery inventory dataset,LOC003
PRD0869,39,Source reorder quantity from online grocery inventory dataset,LOC004
PRD0870,47,Source reorder quantity from online grocery inventory dataset,LOC005
PRD0871,39,Source reorder quantity from online grocery inventory dataset,LOC001
PRD0872,75,Source reorder quantity from online grocery inventory dataset,LOC002
PRD0873,4,Source reorder quantity from online grocery inventory dataset,LOC003
PRD0874,44,Source reorder quantity from online grocery inventory dataset,LOC004
PRD0875,64,Source reorder quantity from online grocery inventory dataset,LOC005
PRD0876,13,Source reorder quantity from online grocery inventory dataset,LOC001
PRD0877,92,Source reorder quantity from online grocery inventory dataset,LOC002
PRD0878,39,Source reorder quantity from online grocery inventory dataset,LOC003
PRD0879,99,Source reorder quantity from online grocery inventory dataset,LOC004
PRD0880,11,Source reorder quantity from online grocery inventory dataset,LOC005
PRD0881,71,Source reorder quantity from online grocery inventory dataset,LOC001
PRD0882,25,Source reorder quantity from online grocery inventory dataset,LOC002
PRD0883,37,Source reorder quantity from online grocery inventory dataset,LOC003
PRD0884,90,Source reorder quantity from online grocery inventory dataset,LOC004
PRD0885,78,Source reorder quantity from online grocery inventory dataset,LOC005
PRD0886,84,Source reorder quantity from online grocery inventory dataset,LOC001
PRD0887,96,Source reorder quantity from online grocery inventory dataset,LOC002
PRD0888,52,Source reorder quantity from online grocery inventory dataset,LOC003
PRD0889,28,Source reorder quantity from online grocery inventory dataset,LOC004
PRD0890,23,Source reorder quantity from online grocery inventory dataset,LOC005
PRD0891,75,Source reorder quantity from online grocery inventory dataset,LOC001
PRD0892,92,Source reorder quantity from online grocery inventory dataset,LOC002
PRD0893,66,Source reorder quantity from online grocery inventory dataset,LOC003
PRD0894,96,Source reorder quantity from online grocery inventory dataset,LOC004
PRD0895,23,Source reorder quantity from online grocery inventory dataset,LOC005
PRD0896,78,Source reorder quantity from online grocery inventory dataset,LOC001
PRD0897,64,Source reorder quantity from online grocery inventory dataset,LOC002
PRD0898,8,Source reorder quantity from online grocery inventory dataset,LOC003
PRD0899,34,Source reorder quantity from online grocery inventory dataset,LOC004
PRD0900,8,Source reorder quantity from online grocery inventory dataset,LOC005
PRD0901,68,Source reorder quantity from online grocery inventory dataset,LOC001
PRD0902,89,Source reorder quantity from online grocery inventory dataset,LOC002
PRD0903,81,Source reorder quantity from online grocery inventory dataset,LOC003
PRD0904,95,Source reorder quantity from online grocery inventory dataset,LOC004
PRD0905,50,Source reorder quantity from online grocery inventory dataset,LOC005
PRD0906,96,Source reorder quantity from online grocery inventory dataset,LOC001
PRD0907,62,Source reorder quantity from online grocery inventory dataset,LOC002
PRD0908,89,Source reorder quantity from online grocery inventory dataset,LOC003
PRD0909,87,Source reorder quantity from online grocery inventory dataset,LOC004
PRD0910,74,Source reorder quantity from online grocery inventory dataset,LOC005
PRD0911,20,Source reorder quantity from online grocery inventory dataset,LOC001
PRD0912,7,Source reorder quantity from online grocery inventory dataset,LOC002
PRD0913,97,Source reorder quantity from online grocery inventory dataset,LOC003
PRD0914,43,Source reorder quantity from online grocery inventory dataset,LOC004
PRD0915,78,Source reorder quantity from online grocery inventory dataset,LOC005
PRD0916,87,Source reorder quantity from online grocery inventory dataset,LOC001
PRD0917,52,Source reorder quantity from online grocery inventory dataset,LOC002
PRD0918,48,Source reorder quantity from online grocery inventory dataset,LOC003
PRD0919,33,Source reorder quantity from online grocery inventory dataset,LOC004
PRD0920,23,Source reorder quantity from online grocery inventory dataset,LOC005
PRD0921,71,Source reorder quantity from online grocery inventory dataset,LOC001
PRD0922,50,Source reorder quantity from online grocery inventory dataset,LOC002
PRD0923,94,Source reorder quantity from online grocery inventory dataset,LOC003
PRD0924,40,Source reorder quantity from online grocery inventory dataset,LOC004
PRD0925,74,Source reorder quantity from online grocery inventory dataset,LOC005
PRD0926,1,Source reorder quantity from online grocery inventory dataset,LOC001
PRD0927,89,Source reorder quantity from online grocery inventory dataset,LOC002
PRD0928,44,Source reorder quantity from online grocery inventory dataset,LOC003
PRD0929,59,Source reorder quantity from online grocery inventory dataset,LOC004
PRD0930,16,Source reorder quantity from online grocery inventory dataset,LOC005
PRD0931,65,Source reorder quantity from online grocery inventory dataset,LOC001
PRD0932,70,Source reorder quantity from online grocery inventory dataset,LOC002
PRD0933,60,Source reorder quantity from online grocery inventory dataset,LOC003
PRD0934,13,Source reorder quantity from online grocery inventory dataset,LOC004
PRD0935,18,Source reorder quantity from online grocery inventory dataset,LOC005
PRD0936,23,Source reorder quantity from online grocery inventory dataset,LOC001
PRD0937,17,Source reorder quantity from online grocery inventory dataset,LOC002
PRD0938,11,Source reorder quantity from online grocery inventory dataset,LOC003
PRD0939,31,Source reorder quantity from online grocery inventory dataset,LOC004
PRD0940,27,Source reorder quantity from online grocery inventory dataset,LOC005
PRD0941,35,Source reorder quantity from online grocery inventory dataset,LOC001
PRD0942,71,Source reorder quantity from online grocery inventory dataset,LOC002
PRD0943,95,Source reorder quantity from online grocery inventory dataset,LOC003
PRD0944,54,Source reorder quantity from online grocery inventory dataset,LOC004
PRD0945,81,Source reorder quantity from online grocery inventory dataset,LOC005
PRD0946,29,Source reorder quantity from online grocery inventory dataset,LOC001
PRD0947,94,Source reorder quantity from online grocery inventory dataset,LOC002
PRD0948,69,Source reorder quantity from online grocery inventory dataset,LOC003
PRD0949,84,Source reorder quantity from online grocery inventory dataset,LOC004
PRD0950,43,Source reorder quantity from online grocery inventory dataset,LOC005
PRD0951,1,Source reorder quantity from online grocery inventory dataset,LOC001
PRD0952,14,Source reorder quantity from online grocery inventory dataset,LOC002
PRD0953,92,Source reorder quantity from online grocery inventory dataset,LOC003
PRD0954,39,Source reorder quantity from online grocery inventory dataset,LOC004
PRD0955,48,Source reorder quantity from online grocery inventory dataset,LOC005
PRD0956,66,Source reorder quantity from online grocery inventory dataset,LOC001
PRD0957,69,Source reorder quantity from online grocery inventory dataset,LOC002
PRD0958,99,Source reorder quantity from online grocery inventory dataset,LOC003
PRD0959,28,Source reorder quantity from online grocery inventory dataset,LOC004
PRD0960,98,Source reorder quantity from online grocery inventory dataset,LOC005
PRD0961,95,Source reorder quantity from online grocery inventory dataset,LOC001
PRD0962,71,Source reorder quantity from online grocery inventory dataset,LOC002
PRD0963,80,Source reorder quantity from online grocery inventory dataset,LOC003
PRD0964,18,Source reorder quantity from online grocery inventory dataset,LOC004
PRD0965,54,Source reorder quantity from online grocery inventory dataset,LOC005
PRD0966,39,Source reorder quantity from online grocery inventory dataset,LOC001
PRD0967,15,Source reorder quantity from online grocery inventory dataset,LOC002
PRD0968,43,Source reorder quantity from online grocery inventory dataset,LOC003
PRD0969,80,Source reorder quantity from online grocery inventory dataset,LOC004
PRD0970,80,Source reorder quantity from online grocery inventory dataset,LOC005
PRD0971,72,Source reorder quantity from online grocery inventory dataset,LOC001
PRD0972,2,Source reorder quantity from online grocery inventory dataset,LOC002
PRD0973,49,Source reorder quantity from online grocery inventory dataset,LOC003
PRD0974,65,Source reorder quantity from online grocery inventory dataset,LOC004
PRD0975,17,Source reorder quantity from online grocery inventory dataset,LOC005
PRD0976,80,Source reorder quantity from online grocery inventory dataset,LOC001
PRD0977,28,Source reorder quantity from online grocery inventory dataset,LOC002
PRD0978,19,Source reorder quantity from online grocery inventory dataset,LOC003
PRD0979,27,Source reorder quantity from online grocery inventory dataset,LOC004
PRD0980,21,Source reorder quantity from online grocery inventory dataset,LOC005
PRD0981,96,Source reorder quantity from online grocery inventory dataset,LOC001
PRD0982,62,Source reorder quantity from online grocery inventory dataset,LOC002
PRD0983,66,Source reorder quantity from online grocery inventory dataset,LOC003
PRD0984,94,Source reorder quantity from online grocery inventory dataset,LOC004
PRD0985,65,Source reorder quantity from online grocery inventory dataset,LOC005
PRD0986,17,Source reorder quantity from online grocery inventory dataset,LOC001
PRD0987,89,Source reorder quantity from online grocery inventory dataset,LOC002
PRD0988,12,Source reorder quantity from online grocery inventory dataset,LOC003
PRD0989,52,Source reorder quantity from online grocery inventory dataset,LOC004
PRD0990,83,Source reorder quantity from online grocery inventory dataset,LOC005
