supplier_id,supplier_name,email,phone,address
SUP001,Jaxnation,jaxnation.380371699@supplier.example,9876500001,48 Del Sol Trail
SUP002,Feedmix,feedmix.544702479@supplier.example,9876500002,36 3rd Place
SUP003,Vinder,vinder.540312945@supplier.example,9876500003,3296 Walton Court
SUP004,Brightbean,brightbean.634927603@supplier.example,9876500004,3 Westerfield Crossing
SUP005,Topicstorm,topicstorm.542264308@supplier.example,9876500005,15068 Scoville Court
SUP006,Dabjam,dabjam.862924587@supplier.example,9876500006,050 Mcbride Avenue
SUP007,Tagfeed,tagfeed.043917610@supplier.example,9876500007,12 Truax Court
SUP008,Muxo,muxo.676794930@supplier.example,9876500008,267 International Plaza
SUP009,Thoughtstorm,thoughtstorm.321821895@supplier.example,9876500009,550 Clemons Plaza
SUP010,Wordify,wordify.671374215@supplier.example,9876500010,55782 Welch Hill
SUP011,Fivebridge,fivebridge.620290827@supplier.example,9876500011,04776 Saint Paul Park
SUP012,Zooxo,zooxo.560927992@supplier.example,9876500012,61932 Cascade Crossing
SUP013,Vitz,vitz.576150729@supplier.example,9876500013,13 Forest Run Place
SUP014,Voomm,voomm.751903627@supplier.example,9876500014,5104 Jana Court
SUP015,Babblestorm,babblestorm.709016191@supplier.example,9876500015,00 Drewry Court
SUP016,Youfeed,youfeed.845047617@supplier.example,9876500016,195 Portage Junction
SUP017,Mynte,mynte.296895014@supplier.example,9876500017,52691 8th Drive
SUP018,Reallinks,reallinks.036150558@supplier.example,9876500018,285 1st Park
SUP019,Skivee,skivee.100608515@supplier.example,9876500019,17780 Lindbergh Junction
SUP020,Mydeo,mydeo.388833382@supplier.example,9876500020,7834 Cordelia Alley
SUP021,Devshare,devshare.827376019@supplier.example,9876500021,42 Bunker Hill Junction
SUP022,Jabbertype,jabbertype.878396400@supplier.example,9876500022,08 Randy Junction
SUP023,Gigazoom,gigazoom.510144287@supplier.example,9876500023,37 Browning Trail
SUP024,Chatterbridge,chatterbridge.285750716@supplier.example,9876500024,51890 Lindbergh Terrace
SUP025,Feedspan,feedspan.754656257@supplier.example,9876500025,49869 Bunker Hill Terrace
SUP026,Mydo,mydo.471834911@supplier.example,9876500026,66879 Susan Place
SUP027,Realpoint,realpoint.699332582@supplier.example,9876500027,895 Northland Hill
SUP028,Photospace,photospace.677717656@supplier.example,9876500028,91 Kinsman Terrace
SUP029,Gigazoom,gigazoom.755039347@supplier.example,9876500029,492 Shoshone Road
SUP030,Centizu,centizu.090906360@supplier.example,9876500030,3 Hooker Way
SUP031,Brainverse,brainverse.799154185@supplier.example,9876500031,157 David Center
SUP032,Photojam,photojam.886633393@supplier.example,9876500032,3645 Ridge Oak Drive
SUP033,Kamba,kamba.658426819@supplier.example,9876500033,504 Green Park
SUP034,Pixonyx,pixonyx.078090926@supplier.example,9876500034,26175 Oxford Way
SUP035,Midel,midel.386225251@supplier.example,9876500035,582 Sauthoff Crossing
SUP036,Skyble,skyble.688360350@supplier.example,9876500036,13 Corscot Hill
SUP037,Linklinks,linklinks.047263363@supplier.example,9876500037,67 Little Fleur Road
SUP038,Flipbug,flipbug.942174781@supplier.example,9876500038,4 Raven Drive
SUP039,Kare,kare.617967912@supplier.example,9876500039,70001 Vahlen Lane
SUP040,Snaptags,snaptags.254142945@supplier.example,9876500040,6 Orin Place
SUP041,Twitternation,twitternation.509181373@supplier.example,9876500041,108 Morning Center
SUP042,Layo,layo.340179457@supplier.example,9876500042,867 Merrick Place
SUP043,Realpoint,realpoint.684824786@supplier.example,9876500043,564 Hazelcrest Crossing
SUP044,Kayveo,kayveo.194699841@supplier.example,9876500044,76 Toban Plaza
SUP045,Roombo,roombo.855320172@supplier.example,9876500045,6 Lunder Parkway
SUP046,Voonyx,voonyx.705159048@supplier.example,9876500046,00397 Bay Terrace
SUP047,Browsezoom,browsezoom.417726271@supplier.example,9876500047,8 Surrey Pass
SUP048,Fiveclub,fiveclub.463822024@supplier.example,9876500048,80 Old Shore Plaza
SUP049,Skipfire,skipfire.989407545@supplier.example,9876500049,387 Jay Point
SUP050,Flashspan,flashspan.795759351@supplier.example,9876500050,24045 Bluestem Point
SUP051,Katz,katz.107627936@supplier.example,9876500051,805 Nancy Crossing
SUP052,Devshare,devshare.840470017@supplier.example,9876500052,44022 Barnett Way
SUP053,Yamia,yamia.488783021@supplier.example,9876500053,3 Ronald Regan Center
SUP054,Skyble,skyble.415874864@supplier.example,9876500054,4 Judy Hill
SUP055,Kwinu,kwinu.538440478@supplier.example,9876500055,90865 Sherman Court
SUP056,Brainverse,brainverse.311993683@supplier.example,9876500056,9695 Alpine Trail
SUP057,Vinte,vinte.370996976@supplier.example,9876500057,72083 Acker Crossing
SUP058,Twitterwire,twitterwire.878936089@supplier.example,9876500058,812 Shelley Circle
SUP059,Ntag,ntag.717278611@supplier.example,9876500059,7193 Crownhardt Drive
SUP060,Blogspan,blogspan.082091598@supplier.example,9876500060,76928 Tennyson Parkway
SUP061,Avaveo,avaveo.228673079@supplier.example,9876500061,44801 Myrtle Center
SUP062,Brainbox,brainbox.503145433@supplier.example,9876500062,79 Cardinal Court
SUP063,Voonix,voonix.055931927@supplier.example,9876500063,622 Anthes Lane
SUP064,Midel,midel.914928216@supplier.example,9876500064,8626 Chinook Parkway
SUP065,Shufflebeat,shufflebeat.747260855@supplier.example,9876500065,19112 Little Fleur Road
SUP066,Flipbug,flipbug.905342165@supplier.example,9876500066,40643 Sullivan Lane
SUP067,Skipstorm,skipstorm.730692753@supplier.example,9876500067,5756 Stephen Avenue
SUP068,Gigazoom,gigazoom.158520491@supplier.example,9876500068,22 Dexter Trail
SUP069,Dazzlesphere,dazzlesphere.584743510@supplier.example,9876500069,9305 Warrior Way
SUP070,Realblab,realblab.025757332@supplier.example,9876500070,16 Elgar Point
SUP071,Eire,eire.088283804@supplier.example,9876500071,81 Oneill Circle
SUP072,Blogtag,blogtag.288374164@supplier.example,9876500072,4508 Shopko Trail
SUP073,Ntags,ntags.015177793@supplier.example,9876500073,00 Luster Alley
SUP074,Tagtune,tagtune.147244622@supplier.example,9876500074,459 Gateway Pass
SUP075,Skiba,skiba.061591957@supplier.example,9876500075,82737 Ryan Place
SUP076,Voolia,voolia.997844391@supplier.example,9876500076,7 Mockingbird Hill
SUP077,Oyoloo,oyoloo.422248186@supplier.example,9876500077,081 Bellgrove Place
SUP078,Feedmix,feedmix.233192681@supplier.example,9876500078,05433 Towne Terrace
SUP079,Tagtune,tagtune.535841853@supplier.example,9876500079,924 La Follette Alley
SUP080,Tagopia,tagopia.347265887@supplier.example,9876500080,7 Gateway Center
SUP081,Ozu,ozu.891349717@supplier.example,9876500081,175 Sycamore Circle
SUP082,Edgepulse,edgepulse.423808881@supplier.example,9876500082,553 Mayfield Crossing
SUP083,Oyondu,oyondu.338184917@supplier.example,9876500083,74997 Katie Terrace
SUP084,Abatz,abatz.129504397@supplier.example,9876500084,3616 Carey Pass
SUP085,Browsetype,browsetype.668321802@supplier.example,9876500085,86207 Tennyson Parkway
SUP086,Photobean,photobean.598499942@supplier.example,9876500086,6 Nobel Junction
SUP087,Mydeo,mydeo.541881006@supplier.example,9876500087,81878 Nobel Point
SUP088,Skinte,skinte.067081412@supplier.example,9876500088,61707 Mariners Cove Park
SUP089,Cogilith,cogilith.725147323@supplier.example,9876500089,5 Waxwing Junction
SUP090,Bluezoom,bluezoom.437869229@supplier.example,9876500090,16 Autumn Leaf Way
SUP091,Jaloo,jaloo.231788962@supplier.example,9876500091,22782 Oriole Way
SUP092,Vidoo,vidoo.018019502@supplier.example,9876500092,43442 Homewood Street
SUP093,Shuffledrive,shuffledrive.710926845@supplier.example,9876500093,19 Shoshone Circle
SUP094,Zooxo,zooxo.186311458@supplier.example,9876500094,97 Sunnyside Court
SUP095,Topicblab,topicblab.245763402@supplier.example,9876500095,357 Maple Park
SUP096,Katz,katz.242817685@supplier.example,9876500096,6195 Monterey Center
SUP097,Yadel,yadel.839605274@supplier.example,9876500097,7242 Claremont Avenue
SUP098,Mynte,mynte.279708649@supplier.example,9876500098,127 Eliot Road
SUP099,Livetube,livetube.022720535@supplier.example,9876500099,8 Russell Pass
SUP100,Zoombox,zoombox.063034127@supplier.example,9876500100,85408 Toban Crossing
SUP101,Photobug,photobug.406964237@supplier.example,9876500101,113 Donald Court
SUP102,Skynoodle,skynoodle.001319278@supplier.example,9876500102,978 Shasta Lane
SUP103,Midel,midel.891553471@supplier.example,9876500103,46 Hoffman Trail
SUP104,Feedbug,feedbug.488845431@supplier.example,9876500104,7 Spohn Avenue
SUP105,Brainverse,brainverse.164191419@supplier.example,9876500105,1468 Meadow Vale Court
SUP106,Mydo,mydo.367808625@supplier.example,9876500106,208 Miller Court
SUP107,Fiveclub,fiveclub.548764296@supplier.example,9876500107,509 Carpenter Trail
SUP108,Fadeo,fadeo.704636597@supplier.example,9876500108,19069 Cordelia Drive
SUP109,Edgeify,edgeify.100383988@supplier.example,9876500109,203 Mariners Cove Junction
SUP110,Eayo,eayo.134751009@supplier.example,9876500110,7819 Fallview Park
SUP111,Voomm,voomm.831048425@supplier.example,9876500111,993 Kensington Drive
SUP112,Mydo,mydo.172396309@supplier.example,9876500112,772 Golf Course Junction
SUP113,Devbug,devbug.348500377@supplier.example,9876500113,29992 Warrior Center
SUP114,Vinder,vinder.737170190@supplier.example,9876500114,8 Heffernan Point
SUP115,Wikivu,wikivu.110983982@supplier.example,9876500115,451 Grim Hill
SUP116,Dynabox,dynabox.214908051@supplier.example,9876500116,005 Tomscot Hill
SUP117,Rooxo,rooxo.197044404@supplier.example,9876500117,9 Bartillon Trail
SUP118,Quire,quire.111469880@supplier.example,9876500118,7 West Street
SUP119,Realcube,realcube.758673635@supplier.example,9876500119,03416 Valley Edge Circle
SUP120,Brainsphere,brainsphere.729319828@supplier.example,9876500120,21633 Sycamore Center
SUP121,Dabshots,dabshots.134579946@supplier.example,9876500121,43107 Schlimgen Circle
SUP122,Yadel,yadel.736255112@supplier.example,9876500122,988 Southridge Way
SUP123,Riffwire,riffwire.808631186@supplier.example,9876500123,6 Charing Cross Circle
SUP124,Eadel,eadel.619174271@supplier.example,9876500124,19180 Hagan Parkway
SUP125,Gigaclub,gigaclub.331411402@supplier.example,9876500125,84642 Clarendon Point
SUP126,Skynoodle,skynoodle.971509199@supplier.example,9876500126,6 Messerschmidt Place
SUP127,Centidel,centidel.864004155@supplier.example,9876500127,80930 Briar Crest Point
SUP128,Shufflester,shufflester.231979965@supplier.example,9876500128,64389 Arkansas Alley
SUP129,Mydeo,mydeo.958898592@supplier.example,9876500129,51 7th Court
SUP130,Skajo,skajo.264119126@supplier.example,9876500130,042 Di Loreto Court
SUP131,Eidel,eidel.559529832@supplier.example,9876500131,403 Loomis Way
SUP132,Thoughtblab,thoughtblab.290099132@supplier.example,9876500132,6 John Wall Plaza
SUP133,Bubblemix,bubblemix.393393869@supplier.example,9876500133,92321 Nelson Trail
SUP134,Thoughtblab,thoughtblab.014458931@supplier.example,9876500134,95 Onsgard Way
SUP135,Meemm,meemm.898430880@supplier.example,9876500135,8 Fremont Circle
SUP136,Vinder,vinder.686091972@supplier.example,9876500136,00847 Reindahl Place
SUP137,Kanoodle,kanoodle.430353382@supplier.example,9876500137,9516 Burrows Circle
SUP138,Flipopia,flipopia.154448224@supplier.example,9876500138,92655 Pond Park
SUP139,Realbridge,realbridge.338986242@supplier.example,9876500139,46 Cardinal Way
SUP140,Skyvu,skyvu.295673732@supplier.example,9876500140,805 Center Parkway
SUP141,Jabberstorm,jabberstorm.952001972@supplier.example,9876500141,6738 Tennyson Road
SUP142,Geba,geba.490922735@supplier.example,9876500142,61224 Northridge Avenue
SUP143,Linklinks,linklinks.766717104@supplier.example,9876500143,6 Swallow Crossing
SUP144,Skimia,skimia.219325200@supplier.example,9876500144,33424 Express Avenue
SUP145,Bubblemix,bubblemix.699284929@supplier.example,9876500145,4 Sundown Place
SUP146,Buzzshare,buzzshare.958781614@supplier.example,9876500146,01330 Sheridan Way
SUP147,Oyoyo,oyoyo.217921000@supplier.example,9876500147,2 Petterle Road
SUP148,Shufflester,shufflester.620860407@supplier.example,9876500148,65721 Caliangt Crossing
SUP149,Eayo,eayo.603865077@supplier.example,9876500149,7444 Saint Paul Circle
SUP150,Yombu,yombu.904451753@supplier.example,9876500150,6990 Kings Place
SUP151,Meeveo,meeveo.822359317@supplier.example,9876500151,836 Brown Alley
SUP152,Skidoo,skidoo.051812682@supplier.example,9876500152,739 Swallow Road
SUP153,Meedoo,meedoo.021567270@supplier.example,9876500153,14 Talmadge Park
SUP154,Eire,eire.265933478@supplier.example,9876500154,2 Basil Street
SUP155,Topicstorm,topicstorm.343346888@supplier.example,9876500155,938 Hanover Point
SUP156,Tavu,tavu.849235086@supplier.example,9876500156,3 Ilene Terrace
SUP157,Trudeo,trudeo.110964003@supplier.example,9876500157,5414 Linden Point
SUP158,Yotz,yotz.081412402@supplier.example,9876500158,554 Eliot Point
SUP159,Demizz,demizz.477324446@supplier.example,9876500159,97687 Mendota Terrace
SUP160,Skippad,skippad.221520111@supplier.example,9876500160,26 Graceland Circle
SUP161,Topiclounge,topiclounge.132908513@supplier.example,9876500161,120 Gale Circle
SUP162,Browsecat,browsecat.775669826@supplier.example,9876500162,13 Bluejay Way
SUP163,Feedbug,feedbug.679223399@supplier.example,9876500163,01471 Burrows Lane
SUP164,Npath,npath.051007102@supplier.example,9876500164,6382 Anniversary Pass
SUP165,Skipfire,skipfire.516667174@supplier.example,9876500165,757 Grasskamp Drive
SUP166,Topicstorm,topicstorm.928306986@supplier.example,9876500166,87417 Forest Pass
SUP167,Devpoint,devpoint.230524744@supplier.example,9876500167,5 Transport Pass
SUP168,Skibox,skibox.951489287@supplier.example,9876500168,357 High Crossing Parkway
SUP169,Gevee,gevee.784591417@supplier.example,9876500169,42 Clemons Terrace
SUP170,Meevee,meevee.475097282@supplier.example,9876500170,48 Vahlen Place
SUP171,Bluezoom,bluezoom.061519076@supplier.example,9876500171,94862 Beilfuss Terrace
SUP172,Gigaclub,gigaclub.702120990@supplier.example,9876500172,759 Waywood Court
SUP173,Photofeed,photofeed.262137885@supplier.example,9876500173,236 Gateway Lane
SUP174,Latz,latz.327712617@supplier.example,9876500174,0039 Shelley Place
SUP175,Cogibox,cogibox.565541762@supplier.example,9876500175,3 Raven Court
SUP176,Meevee,meevee.229468052@supplier.example,9876500176,44 Kensington Road
SUP177,Pixope,pixope.753281709@supplier.example,9876500177,86 Maryland Junction
SUP178,Tanoodle,tanoodle.856706379@supplier.example,9876500178,443 Browning Terrace
SUP179,Jaxspan,jaxspan.960015429@supplier.example,9876500179,5 Forest Run Way
SUP180,Jayo,jayo.768702139@supplier.example,9876500180,87784 Blaine Way
SUP181,Quamba,quamba.936196639@supplier.example,9876500181,0 Oxford Crossing
SUP182,Feedmix,feedmix.416288713@supplier.example,9876500182,298 Corry Plaza
SUP183,Zazio,zazio.808487493@supplier.example,9876500183,52105 Mandrake Place
SUP184,Izio,izio.719915737@supplier.example,9876500184,7369 Thackeray Drive
SUP185,Brainlounge,brainlounge.693782045@supplier.example,9876500185,6 Haas Circle
SUP186,Trilia,trilia.291121577@supplier.example,9876500186,1959 Marcy Center
SUP187,Dazzlesphere,dazzlesphere.572025756@supplier.example,9876500187,1309 Elka Junction
SUP188,Thoughtstorm,thoughtstorm.737447022@supplier.example,9876500188,2 Grayhawk Junction
SUP189,Voolith,voolith.013080960@supplier.example,9876500189,95261 Morningstar Way
SUP190,Twitterbridge,twitterbridge.973255889@supplier.example,9876500190,84148 Prairie Rose Center
SUP191,Feedfire,feedfire.937199817@supplier.example,9876500191,109 Twin Pines Avenue
SUP192,Eidel,eidel.341586684@supplier.example,9876500192,6 Harbort Hill
SUP193,Skimia,skimia.732104267@supplier.example,9876500193,96 American Center
SUP194,JumpXS,jumpxs.495911019@supplier.example,9876500194,39 Lakewood Gardens Center
SUP195,Kamba,kamba.276361606@supplier.example,9876500195,5900 Vahlen Avenue
SUP196,Skidoo,skidoo.084901714@supplier.example,9876500196,8 Spaight Circle
SUP197,Jabbertype,jabbertype.663174895@supplier.example,9876500197,5 Linden Terrace
SUP198,Babbleopia,babbleopia.629795038@supplier.example,9876500198,1 Westport Crossing
SUP199,Reallinks,reallinks.413999203@supplier.example,9876500199,2446 Anhalt Way
SUP200,Tanoodle,tanoodle.396769308@supplier.example,9876500200,0 Miller Pass
SUP201,Vinder,vinder.404179838@supplier.example,9876500201,453 Dryden Park
SUP202,Shuffledrive,shuffledrive.180851667@supplier.example,9876500202,54 Pawling Crossing
SUP203,Jetwire,jetwire.171231252@supplier.example,9876500203,6808 Chinook Parkway
SUP204,Topicshots,topicshots.418002842@supplier.example,9876500204,894 Kingsford Road
SUP205,Innojam,innojam.458861540@supplier.example,9876500205,6 Stang Hill
SUP206,Layo,layo.555578544@supplier.example,9876500206,482 Green Center
SUP207,Youfeed,youfeed.588279061@supplier.example,9876500207,37973 Parkside Junction
SUP208,Quatz,quatz.852723969@supplier.example,9876500208,389 Ridgeway Park
SUP209,Meeveo,meeveo.545375633@supplier.example,9876500209,3 Hagan Drive
SUP210,Wikizz,wikizz.299753449@supplier.example,9876500210,082 Clove Plaza
SUP211,Feedbug,feedbug.859321011@supplier.example,9876500211,509 Waywood Center
SUP212,Katz,katz.409147156@supplier.example,9876500212,5743 Superior Place
SUP213,Skalith,skalith.216978128@supplier.example,9876500213,60241 Portage Point
SUP214,Twitterbeat,twitterbeat.500505707@supplier.example,9876500214,615 Mayer Drive
SUP215,Zoovu,zoovu.979940773@supplier.example,9876500215,03 Fisk Alley
SUP216,Ozu,ozu.170848551@supplier.example,9876500216,44638 Corscot Lane
SUP217,Skyndu,skyndu.907274816@supplier.example,9876500217,75 Bunting Junction
SUP218,Yodo,yodo.422525861@supplier.example,9876500218,48788 Chinook Place
SUP219,Tazz,tazz.329141424@supplier.example,9876500219,083 Mccormick Park
SUP220,Omba,omba.639245144@supplier.example,9876500220,339 Paget Place
SUP221,DabZ,dabz.188807910@supplier.example,9876500221,8 Dakota Avenue
SUP222,Devpoint,devpoint.833617509@supplier.example,9876500222,4 Warbler Center
SUP223,Viva,viva.612228413@supplier.example,9876500223,239 Anderson Court
SUP224,Chatterbridge,chatterbridge.527446162@supplier.example,9876500224,04 Mesta Parkway
SUP225,Quamba,quamba.226446447@supplier.example,9876500225,00 6th Parkway
SUP226,Bubblebox,bubblebox.653955947@supplier.example,9876500226,844 Schurz Point
SUP227,Rhynyx,rhynyx.350429391@supplier.example,9876500227,60356 Derek Lane
SUP228,Zooveo,zooveo.783815054@supplier.example,9876500228,42719 Milwaukee Avenue
SUP229,BlogXS,blogxs.616048116@supplier.example,9876500229,66 Raven Pass
SUP230,Mynte,mynte.682008955@supplier.example,9876500230,43024 Elka Avenue
SUP231,Flashspan,flashspan.485623582@supplier.example,9876500231,022 Pierstorff Point
SUP232,Youspan,youspan.907182724@supplier.example,9876500232,292 Charing Cross Terrace
SUP233,Jetpulse,jetpulse.378789392@supplier.example,9876500233,071 Nobel Circle
SUP234,Yodoo,yodoo.669734855@supplier.example,9876500234,6744 Helena Pass
SUP235,Skyndu,skyndu.657973468@supplier.example,9876500235,4105 Fair Oaks Parkway
SUP236,Yoveo,yoveo.575442465@supplier.example,9876500236,67677 Lakewood Gardens Way
SUP237,Linklinks,linklinks.867605412@supplier.example,9876500237,57150 Del Sol Alley
SUP238,Dynabox,dynabox.122644503@supplier.example,9876500238,7407 Farragut Pass
SUP239,Kamba,kamba.006805333@supplier.example,9876500239,6151 Forster Drive
SUP240,Eimbee,eimbee.892265813@supplier.example,9876500240,5426 Fordem Pass
SUP241,Trunyx,trunyx.079488632@supplier.example,9876500241,48 Golf View Pass
SUP242,Buzzdog,buzzdog.047865408@supplier.example,9876500242,952 Rowland Junction
SUP243,Zoonoodle,zoonoodle.771752969@supplier.example,9876500243,329 Helena Park
SUP244,Oyoloo,oyoloo.547111582@supplier.example,9876500244,3104 Ridge Oak Hill
SUP245,Janyx,janyx.941459423@supplier.example,9876500245,376 Reinke Court
SUP246,Dynava,dynava.187332453@supplier.example,9876500246,2 Barby Lane
SUP247,Katz,katz.626482577@supplier.example,9876500247,265 Columbus Way
SUP248,Eimbee,eimbee.433482450@supplier.example,9876500248,20 Pennsylvania Parkway
SUP249,Jaxspan,jaxspan.085235066@supplier.example,9876500249,9307 Kingsford Road
SUP250,Jaxspan,jaxspan.209520731@supplier.example,9876500250,11 Golden Leaf Alley
SUP251,Demimbu,demimbu.786445877@supplier.example,9876500251,77 Prairie Rose Park
SUP252,Tazz,tazz.574868971@supplier.example,9876500252,1 Lake View Trail
SUP253,Browseblab,browseblab.079593210@supplier.example,9876500253,7945 Mayer Center
SUP254,Npath,npath.021655779@supplier.example,9876500254,904 Del Mar Crossing
SUP255,Roomm,roomm.595957531@supplier.example,9876500255,561 Blue Bill Park Road
SUP256,Buzzster,buzzster.641181480@supplier.example,9876500256,26 Barnett Junction
SUP257,Meembee,meembee.406628853@supplier.example,9876500257,44296 Kropf Avenue
SUP258,Topicblab,topicblab.184455057@supplier.example,9876500258,34642 Carpenter Place
SUP259,Gigashots,gigashots.881083774@supplier.example,9876500259,7 Bonner Terrace
SUP260,Avaveo,avaveo.439772343@supplier.example,9876500260,60 Towne Hill
SUP261,Thoughtsphere,thoughtsphere.395218484@supplier.example,9876500261,5030 Moose Junction
SUP262,Fivebridge,fivebridge.910306609@supplier.example,9876500262,2005 Mccormick Road
SUP263,Zava,zava.272924656@supplier.example,9876500263,21 Esker Way
SUP264,Twitterbeat,twitterbeat.275327847@supplier.example,9876500264,5862 Hooker Pass
SUP265,Quinu,quinu.957782888@supplier.example,9876500265,24385 Prentice Plaza
SUP266,Photobean,photobean.560501773@supplier.example,9876500266,739 Grayhawk Trail
SUP267,Chatterpoint,chatterpoint.503784320@supplier.example,9876500267,7 Sloan Park
SUP268,Skinix,skinix.262221156@supplier.example,9876500268,6482 Ramsey Alley
SUP269,InnoZ,innoz.304386295@supplier.example,9876500269,10997 Dexter Parkway
SUP270,Fliptune,fliptune.144835712@supplier.example,9876500270,205 Straubel Court
SUP271,Demivee,demivee.782839751@supplier.example,9876500271,58 La Follette Park
SUP272,Skipfire,skipfire.410833955@supplier.example,9876500272,160 Kings Street
SUP273,Oyondu,oyondu.124319207@supplier.example,9876500273,7020 Porter Trail
SUP274,Jatri,jatri.264388349@supplier.example,9876500274,5 Armistice Parkway
SUP275,Demivee,demivee.084393820@supplier.example,9876500275,524 Saint Paul Park
SUP276,Buzzshare,buzzshare.083120872@supplier.example,9876500276,94451 Arkansas Park
SUP277,Flashset,flashset.444296199@supplier.example,9876500277,83 Pleasure Street
SUP278,Feedmix,feedmix.733834390@supplier.example,9876500278,64407 Marcy Plaza
SUP279,Jaxspan,jaxspan.147032550@supplier.example,9876500279,21 Sunbrook Court
SUP280,Flipbug,flipbug.937123934@supplier.example,9876500280,4 Jay Terrace
SUP281,Vimbo,vimbo.135261392@supplier.example,9876500281,05686 Golden Leaf Point
SUP282,Dabvine,dabvine.204262191@supplier.example,9876500282,99 Fair Oaks Circle
SUP283,Devshare,devshare.915899007@supplier.example,9876500283,2 Carioca Crossing
SUP284,Quinu,quinu.246035521@supplier.example,9876500284,701 Logan Court
SUP285,Jamia,jamia.179391338@supplier.example,9876500285,4 Darwin Circle
SUP286,Blognation,blognation.575697172@supplier.example,9876500286,230 Tony Court
SUP287,Livepath,livepath.600032919@supplier.example,9876500287,3 Forster Point
SUP288,Yata,yata.990347010@supplier.example,9876500288,850 Glacier Hill Drive
SUP289,Demivee,demivee.549076531@supplier.example,9876500289,38695 Kenwood Circle
SUP290,Kayveo,kayveo.905540576@supplier.example,9876500290,9 Karstens Center
SUP291,Kamba,kamba.436052448@supplier.example,9876500291,052 Northland Trail
SUP292,Skajo,skajo.691126969@supplier.example,9876500292,27 New Castle Avenue
SUP293,Miboo,miboo.043130298@supplier.example,9876500293,6211 Hanson Terrace
SUP294,Oba,oba.376861726@supplier.example,9876500294,74 Menomonie Point
SUP295,Thoughtstorm,thoughtstorm.726493163@supplier.example,9876500295,381 Rutledge Place
SUP296,Zoonder,zoonder.009000119@supplier.example,9876500296,86 Porter Junction
SUP297,Zava,zava.427462717@supplier.example,9876500297,42 Mallory Court
SUP298,Topicblab,topicblab.551566528@supplier.example,9876500298,26240 Maple Wood Place
SUP299,Abata,abata.179636051@supplier.example,9876500299,30408 5th Way
SUP300,Avamba,avamba.795085241@supplier.example,9876500300,82 Drewry Junction
SUP301,Feedfish,feedfish.732012803@supplier.example,9876500301,234 Eagle Crest Avenue
SUP302,Eidel,eidel.006354638@supplier.example,9876500302,53 Caliangt Junction
SUP303,Lazz,lazz.379020286@supplier.example,9876500303,32525 Marquette Park
SUP304,Talane,talane.159479718@supplier.example,9876500304,71 Bultman Drive
SUP305,Bubblebox,bubblebox.901757764@supplier.example,9876500305,911 Ridgeway Way
SUP306,Quatz,quatz.438802879@supplier.example,9876500306,2 Sunbrook Lane
SUP307,Mydeo,mydeo.676623444@supplier.example,9876500307,1700 Briar Crest Parkway
SUP308,BlogXS,blogxs.510543811@supplier.example,9876500308,4 Bashford Court
SUP309,Aibox,aibox.291432001@supplier.example,9876500309,97 Thierer Terrace
SUP310,Mybuzz,mybuzz.129833026@supplier.example,9876500310,25784 Old Gate Crossing
SUP311,Rhynoodle,rhynoodle.867095618@supplier.example,9876500311,38 Rutledge Plaza
SUP312,Realblab,realblab.936881260@supplier.example,9876500312,39102 Division Trail
SUP313,Linktype,linktype.795188344@supplier.example,9876500313,26266 Esker Point
SUP314,Avamba,avamba.202576927@supplier.example,9876500314,744 Green Center
SUP315,Voomm,voomm.698610313@supplier.example,9876500315,57598 Russell Center
SUP316,Vipe,vipe.216345781@supplier.example,9876500316,315 Acker Alley
SUP317,Flipopia,flipopia.321964714@supplier.example,9876500317,73397 Steensland Circle
SUP318,Jabbersphere,jabbersphere.359061010@supplier.example,9876500318,95 Garrison Plaza
SUP319,Rhyloo,rhyloo.901776733@supplier.example,9876500319,5989 Longview Drive
SUP320,Oozz,oozz.963533049@supplier.example,9876500320,05518 Saint Paul Street
SUP321,Vimbo,vimbo.576336273@supplier.example,9876500321,86 Corben Crossing
SUP322,Oyoyo,oyoyo.260735798@supplier.example,9876500322,2 Kingsford Center
SUP323,Tagfeed,tagfeed.157395480@supplier.example,9876500323,0 Saint Paul Center
SUP324,Jayo,jayo.878407803@supplier.example,9876500324,5818 Twin Pines Place
SUP325,Camimbo,camimbo.191563869@supplier.example,9876500325,611 Waubesa Circle
SUP326,Youfeed,youfeed.408172222@supplier.example,9876500326,3825 Raven Avenue
SUP327,Skilith,skilith.619070994@supplier.example,9876500327,52 Alpine Crossing
SUP328,Omba,omba.383104533@supplier.example,9876500328,379 Duke Court
SUP329,Buzzster,buzzster.510108144@supplier.example,9876500329,7096 Mcguire Park
SUP330,Skyba,skyba.822661796@supplier.example,9876500330,083 Gulseth Pass
SUP331,Shuffledrive,shuffledrive.304603122@supplier.example,9876500331,34 Linden Court
SUP332,Yodoo,yodoo.014317544@supplier.example,9876500332,38 Superior Road
SUP333,Gigashots,gigashots.650681200@supplier.example,9876500333,8 Dovetail Junction
SUP334,Skynoodle,skynoodle.388192922@supplier.example,9876500334,57453 Northwestern Alley
SUP335,Babblestorm,babblestorm.812336894@supplier.example,9876500335,0109 Stang Terrace
SUP336,Innojam,innojam.418210197@supplier.example,9876500336,1008 Welch Street
SUP337,Gigabox,gigabox.079874536@supplier.example,9876500337,32 Rigney Terrace
SUP338,Yombu,yombu.484504126@supplier.example,9876500338,884 Fieldstone Plaza
SUP339,Trudeo,trudeo.102957996@supplier.example,9876500339,3 Lawn Park
SUP340,Browsezoom,browsezoom.573238059@supplier.example,9876500340,0258 Shoshone Center
SUP341,Meezzy,meezzy.012850018@supplier.example,9876500341,18 Warrior Circle
SUP342,Wikibox,wikibox.692898783@supplier.example,9876500342,7 Riverside Road
SUP343,Kwilith,kwilith.318926816@supplier.example,9876500343,667 Arkansas Circle
SUP344,Babblestorm,babblestorm.131799553@supplier.example,9876500344,33 Clarendon Hill
SUP345,Jabbersphere,jabbersphere.063150552@supplier.example,9876500345,406 Westridge Alley
SUP346,DabZ,dabz.359412585@supplier.example,9876500346,69 Orin Plaza
SUP347,Quinu,quinu.872016047@supplier.example,9876500347,36 Longview Street
SUP348,Tanoodle,tanoodle.070673439@supplier.example,9876500348,41 Comanche Park
SUP349,Voolith,voolith.812924650@supplier.example,9876500349,88721 Dawn Crossing
SUP350,Viva,viva.211560102@supplier.example,9876500350,339 Crescent Oaks Plaza
SUP351,Eamia,eamia.960123393@supplier.example,9876500351,277 Pawling Terrace
SUP352,Quinu,quinu.787877171@supplier.example,9876500352,4 4th Place
SUP353,Kanoodle,kanoodle.520622916@supplier.example,9876500353,6500 Raven Drive
SUP354,Leenti,leenti.144276604@supplier.example,9876500354,42397 Knutson Place
SUP355,Yozio,yozio.143259173@supplier.example,9876500355,317 Anniversary Pass
SUP356,Camido,camido.166564821@supplier.example,9876500356,3 Logan Trail
SUP357,Ainyx,ainyx.435426868@supplier.example,9876500357,6 Rusk Pass
SUP358,Gigabox,gigabox.824823670@supplier.example,9876500358,3 Dottie Junction
SUP359,Yakitri,yakitri.819277236@supplier.example,9876500359,069 Basil Center
SUP360,Thoughtbeat,thoughtbeat.911912324@supplier.example,9876500360,84575 Randy Point
SUP361,Thoughtblab,thoughtblab.966096152@supplier.example,9876500361,5 Forster Point
SUP362,Tagchat,tagchat.231092205@supplier.example,9876500362,2582 Autumn Leaf Park
SUP363,Realmix,realmix.645289996@supplier.example,9876500363,2696 Katie Road
SUP364,Devbug,devbug.547493622@supplier.example,9876500364,022 Prairie Rose Drive
SUP365,Meevee,meevee.020579401@supplier.example,9876500365,848 Mariners Cove Junction
SUP366,Edgewire,edgewire.967860667@supplier.example,9876500366,6435 Burning Wood Drive
SUP367,Feedfish,feedfish.918591733@supplier.example,9876500367,13 Loomis Alley
SUP368,Edgewire,edgewire.218290398@supplier.example,9876500368,6891 Mandrake Park
SUP369,Oozz,oozz.293590109@supplier.example,9876500369,0 Stoughton Terrace
SUP370,Devbug,devbug.965513929@supplier.example,9876500370,502 Sachs Circle
SUP371,Meevee,meevee.585366583@supplier.example,9876500371,85276 Lakewood Gardens Alley
SUP372,Brightbean,brightbean.370573553@supplier.example,9876500372,1034 2nd Point
SUP373,Twiyo,twiyo.546591177@supplier.example,9876500373,81071 West Alley
SUP374,Fiveclub,fiveclub.074710050@supplier.example,9876500374,226 Calypso Road
SUP375,Skalith,skalith.648075250@supplier.example,9876500375,1223 Monument Drive
SUP376,Thoughtsphere,thoughtsphere.922961266@supplier.example,9876500376,20073 Northfield Way
SUP377,Divape,divape.422547371@supplier.example,9876500377,163 Esch Pass
SUP378,Wordpedia,wordpedia.562312524@supplier.example,9876500378,5 Toban Circle
SUP379,Lazz,lazz.232801300@supplier.example,9876500379,582 Dahle Center
SUP380,Linktype,linktype.690876645@supplier.example,9876500380,0 Oak Valley Lane
SUP381,Browsecat,browsecat.187434684@supplier.example,9876500381,5551 Mallory Lane
SUP382,Demivee,demivee.749434552@supplier.example,9876500382,84 Washington Crossing
SUP383,Photospace,photospace.206081290@supplier.example,9876500383,41 Nelson Center
SUP384,Meembee,meembee.502143802@supplier.example,9876500384,285 East Plaza
SUP385,Gevee,gevee.167769987@supplier.example,9876500385,95 Packers Lane
SUP386,Chatterpoint,chatterpoint.596290798@supplier.example,9876500386,39 Dahle Alley
SUP387,Izio,izio.142319135@supplier.example,9876500387,81533 John Wall Court
SUP388,Yodoo,yodoo.311635871@supplier.example,9876500388,9 Cordelia Trail
SUP389,Lazz,lazz.492471217@supplier.example,9876500389,46 Delaware Place
SUP390,Talane,talane.638361262@supplier.example,9876500390,96629 Nova Plaza
SUP391,Roombo,roombo.716766562@supplier.example,9876500391,8531 Manley Court
SUP392,Avaveo,avaveo.780984468@supplier.example,9876500392,2 Sachtjen Park
SUP393,Abatz,abatz.044560715@supplier.example,9876500393,27535 Morrow Avenue
SUP394,Oloo,oloo.199780708@supplier.example,9876500394,3 Anthes Place
SUP395,Katz,katz.971551262@supplier.example,9876500395,78884 Union Street
SUP396,Shufflester,shufflester.825526786@supplier.example,9876500396,15 Loomis Avenue
SUP397,Cogilith,cogilith.912167668@supplier.example,9876500397,4029 Lotheville Pass
SUP398,Youtags,youtags.597813399@supplier.example,9876500398,665 Sommers Circle
SUP399,Brightbean,brightbean.957219228@supplier.example,9876500399,11 Kedzie Avenue
SUP400,Rhycero,rhycero.394647300@supplier.example,9876500400,041 Paget Alley
SUP401,Izio,izio.309420054@supplier.example,9876500401,77 Monterey Avenue
SUP402,Plajo,plajo.422014495@supplier.example,9876500402,338 Annamark Court
SUP403,Feedfire,feedfire.741195491@supplier.example,9876500403,43 Heath Street
SUP404,Fliptune,fliptune.400028400@supplier.example,9876500404,126 Spohn Plaza
SUP405,Devpulse,devpulse.354627569@supplier.example,9876500405,2374 Chive Court
SUP406,Vipe,vipe.229406543@supplier.example,9876500406,6 Hanover Terrace
SUP407,Thoughtstorm,thoughtstorm.459976429@supplier.example,9876500407,6 Tony Junction
SUP408,Oyoba,oyoba.545294459@supplier.example,9876500408,710 Service Park
SUP409,Quatz,quatz.886475082@supplier.example,9876500409,206 Pine View Junction
SUP410,Thoughtblab,thoughtblab.278384345@supplier.example,9876500410,05 Canary Circle
SUP411,Devpulse,devpulse.325060556@supplier.example,9876500411,7 Prairieview Place
SUP412,Photolist,photolist.839365065@supplier.example,9876500412,6 Anthes Court
SUP413,Browsebug,browsebug.240875935@supplier.example,9876500413,7 Schiller Court
SUP414,Eimbee,eimbee.844728001@supplier.example,9876500414,44249 Sutteridge Crossing
SUP415,Digitube,digitube.617554469@supplier.example,9876500415,848 Old Gate Parkway
SUP416,Blogtags,blogtags.454715053@supplier.example,9876500416,9 Clemons Hill
SUP417,Skibox,skibox.091530763@supplier.example,9876500417,15 Veith Circle
SUP418,Skinix,skinix.387907081@supplier.example,9876500418,154 Delladonna Hill
SUP419,Janyx,janyx.790861717@supplier.example,9876500419,80729 Homewood Plaza
SUP420,Wordify,wordify.186827828@supplier.example,9876500420,1 Merchant Circle
SUP421,Shuffletag,shuffletag.100086747@supplier.example,9876500421,70862 Lighthouse Bay Junction
SUP422,Ozu,ozu.557739118@supplier.example,9876500422,96 American Ash Center
SUP423,Flashspan,flashspan.886152915@supplier.example,9876500423,49263 Graceland Pass
SUP424,Gabspot,gabspot.335239077@supplier.example,9876500424,094 Carberry Lane
SUP425,Kwimbee,kwimbee.245689517@supplier.example,9876500425,1 Monica Lane
SUP426,Youfeed,youfeed.147135795@supplier.example,9876500426,5 Anderson Trail
SUP427,Camido,camido.194187213@supplier.example,9876500427,709 Vidon Avenue
SUP428,Yata,yata.758494524@supplier.example,9876500428,5141 Anniversary Crossing
SUP429,Youopia,youopia.284611136@supplier.example,9876500429,587 Vermont Terrace
SUP430,Demizz,demizz.759061086@supplier.example,9876500430,149 Valley Edge Point
SUP431,Rhyloo,rhyloo.983048407@supplier.example,9876500431,89 Springs Alley
SUP432,Twitterworks,twitterworks.503053936@supplier.example,9876500432,0743 4th Place
SUP433,Dabtype,dabtype.618673019@supplier.example,9876500433,21625 Schlimgen Park
SUP434,Quire,quire.220833504@supplier.example,9876500434,31208 Westerfield Way
SUP435,Topicshots,topicshots.270609944@supplier.example,9876500435,322 Birchwood Center
SUP436,Zoombox,zoombox.899764338@supplier.example,9876500436,84336 Haas Place
SUP437,Chatterbridge,chatterbridge.890483542@supplier.example,9876500437,68086 Crowley Circle
SUP438,Youspan,youspan.586577257@supplier.example,9876500438,11263 Kipling Hill
SUP439,Kazu,kazu.580534926@supplier.example,9876500439,00029 Fisk Point
SUP440,Vinder,vinder.682309130@supplier.example,9876500440,57 Eastwood Junction
SUP441,Feedfire,feedfire.917883177@supplier.example,9876500441,321 Barby Parkway
SUP442,Livetube,livetube.636837396@supplier.example,9876500442,71796 Waubesa Terrace
SUP443,Zava,zava.324586452@supplier.example,9876500443,289 Longview Point
SUP444,Avavee,avavee.267960872@supplier.example,9876500444,31057 Roth Place
SUP445,Jabbersphere,jabbersphere.575916452@supplier.example,9876500445,2 School Drive
SUP446,Yombu,yombu.704449176@supplier.example,9876500446,35598 Fuller Terrace
SUP447,Feedspan,feedspan.065694690@supplier.example,9876500447,46758 Hallows Center
SUP448,Topiclounge,topiclounge.894682696@supplier.example,9876500448,08492 Gateway Terrace
SUP449,Meeveo,meeveo.291560691@supplier.example,9876500449,31892 Pennsylvania Street
SUP450,Livepath,livepath.228365101@supplier.example,9876500450,461 Bluejay Circle
SUP451,Roombo,roombo.275572375@supplier.example,9876500451,55 Morning Terrace
SUP452,Edgewire,edgewire.025305932@supplier.example,9876500452,9469 Bayside Plaza
SUP453,Innotype,innotype.268604618@supplier.example,9876500453,16730 Luster Alley
SUP454,Flipopia,flipopia.899592254@supplier.example,9876500454,498 Delladonna Drive
SUP455,Jaxnation,jaxnation.315241628@supplier.example,9876500455,14042 Dottie Avenue
SUP456,Devcast,devcast.800680825@supplier.example,9876500456,4929 Westend Point
SUP457,Vinte,vinte.844983849@supplier.example,9876500457,868 Swallow Point
SUP458,Yodo,yodo.580873463@supplier.example,9876500458,7561 5th Terrace
SUP459,Janyx,janyx.970552756@supplier.example,9876500459,2003 Delladonna Pass
SUP460,Abata,abata.198095654@supplier.example,9876500460,29815 Bonner Trail
SUP461,Youbridge,youbridge.759856744@supplier.example,9876500461,2 Canary Street
SUP462,Feedmix,feedmix.654030311@supplier.example,9876500462,6172 Hovde Circle
SUP463,Twinte,twinte.625998388@supplier.example,9876500463,32468 Utah Pass
SUP464,Innojam,innojam.996802351@supplier.example,9876500464,1247 Hoard Hill
SUP465,Kazio,kazio.361389045@supplier.example,9876500465,85953 Clyde Gallagher Drive
SUP466,Omba,omba.386431626@supplier.example,9876500466,29817 Coleman Drive
SUP467,Zoovu,zoovu.016650053@supplier.example,9876500467,7 Hallows Alley
SUP468,Dynabox,dynabox.875469674@supplier.example,9876500468,52 Victoria Plaza
SUP469,Vidoo,vidoo.292731595@supplier.example,9876500469,3 Melrose Trail
SUP470,Browsedrive,browsedrive.995708162@supplier.example,9876500470,231 Merry Pass
SUP471,Linkbridge,linkbridge.661749633@supplier.example,9876500471,79 Ronald Regan Avenue
SUP472,Kanoodle,kanoodle.780243286@supplier.example,9876500472,83894 Delaware Plaza
SUP473,Buzzshare,buzzshare.978217402@supplier.example,9876500473,579 Schlimgen Alley
SUP474,Rhycero,rhycero.648313071@supplier.example,9876500474,9559 Muir Trail
SUP475,Twitterwire,twitterwire.425231857@supplier.example,9876500475,938 Garrison Court
SUP476,Skalith,skalith.936998001@supplier.example,9876500476,4 Nelson Alley
SUP477,Talane,talane.753657696@supplier.example,9876500477,87 Corben Street
SUP478,Jabberstorm,jabberstorm.392996093@supplier.example,9876500478,39014 Randy Court
SUP479,Pixonyx,pixonyx.180658014@supplier.example,9876500479,879 Amoth Terrace
SUP480,Jabbersphere,jabbersphere.963931428@supplier.example,9876500480,20 Nelson Way
SUP481,Kwilith,kwilith.459122948@supplier.example,9876500481,85 Lunder Court
SUP482,Skyndu,skyndu.144865626@supplier.example,9876500482,03 Roth Court
SUP483,Meevee,meevee.181108314@supplier.example,9876500483,56830 Fremont Road
SUP484,Eimbee,eimbee.418255869@supplier.example,9876500484,01 Gateway Plaza
SUP485,Tagpad,tagpad.685965506@supplier.example,9876500485,4 6th Plaza
SUP486,Aivee,aivee.964054286@supplier.example,9876500486,99 Duke Lane
SUP487,Yamia,yamia.986774279@supplier.example,9876500487,7 Heffernan Drive
SUP488,Ainyx,ainyx.512135660@supplier.example,9876500488,7 Roxbury Circle
SUP489,Gevee,gevee.404360171@supplier.example,9876500489,7744 Oxford Pass
SUP490,Dabshots,dabshots.911277174@supplier.example,9876500490,17 Reinke Circle
SUP491,Voonyx,voonyx.459030036@supplier.example,9876500491,60094 Goodland Junction
SUP492,Jabbercube,jabbercube.094896314@supplier.example,9876500492,53 Homewood Alley
SUP493,Photofeed,photofeed.460411131@supplier.example,9876500493,7 Rutledge Pass
SUP494,Eidel,eidel.720132438@supplier.example,9876500494,50687 Porter Park
SUP495,Skinte,skinte.571338386@supplier.example,9876500495,897 Independence Circle
SUP496,Miboo,miboo.632312829@supplier.example,9876500496,49476 Tony Hill
SUP497,Quatz,quatz.261356134@supplier.example,9876500497,290 Rusk Avenue
SUP498,Youbridge,youbridge.376302250@supplier.example,9876500498,931 Browning Center
SUP499,Rhynyx,rhynyx.572042098@supplier.example,9876500499,622 Buena Vista Trail
SUP500,Eimbee,eimbee.392841614@supplier.example,9876500500,983 Sommers Circle
SUP501,Skiptube,skiptube.141902260@supplier.example,9876500501,3 Fairfield Center
SUP502,Meevee,meevee.644898494@supplier.example,9876500502,84305 Fair Oaks Plaza
SUP503,Trunyx,trunyx.904475123@supplier.example,9876500503,6 Lillian Junction
SUP504,Zoomlounge,zoomlounge.341617429@supplier.example,9876500504,44 Thompson Terrace
SUP505,Blogspan,blogspan.944533755@supplier.example,9876500505,63464 Jana Court
SUP506,Photobug,photobug.561105754@supplier.example,9876500506,04 Blaine Lane
SUP507,Quinu,quinu.114453951@supplier.example,9876500507,0584 Lindbergh Alley
SUP508,Wordtune,wordtune.416443129@supplier.example,9876500508,2693 6th Court
SUP509,Dabtype,dabtype.957156047@supplier.example,9876500509,0313 Rockefeller Street
SUP510,Babblestorm,babblestorm.190982529@supplier.example,9876500510,49646 Derek Lane
SUP511,Aimbu,aimbu.353707603@supplier.example,9876500511,0 Oneill Hill
SUP512,Pixoboo,pixoboo.198937698@supplier.example,9876500512,76 Independence Drive
SUP513,Meedoo,meedoo.694724067@supplier.example,9876500513,7182 Summit Court
SUP514,Trudoo,trudoo.675417091@supplier.example,9876500514,4627 Amoth Circle
SUP515,Realcube,realcube.404433362@supplier.example,9876500515,3 Oakridge Parkway
SUP516,Kimia,kimia.508624552@supplier.example,9876500516,17640 Cottonwood Place
SUP517,Jayo,jayo.251903172@supplier.example,9876500517,51205 Rieder Junction
SUP518,Riffpedia,riffpedia.627668232@supplier.example,9876500518,09189 2nd Drive
SUP519,Babblestorm,babblestorm.620448874@supplier.example,9876500519,76106 Anthes Junction
SUP520,Skyndu,skyndu.674043362@supplier.example,9876500520,35 Golf Course Alley
SUP521,Centimia,centimia.160197101@supplier.example,9876500521,36483 Burning Wood Pass
SUP522,Skivee,skivee.295217910@supplier.example,9876500522,9 Holmberg Circle
SUP523,Lazz,lazz.232743305@supplier.example,9876500523,38583 2nd Pass
SUP524,Skilith,skilith.407737065@supplier.example,9876500524,4 Browning Terrace
SUP525,Wikibox,wikibox.284365158@supplier.example,9876500525,21629 Burrows Pass
SUP526,Skippad,skippad.279968883@supplier.example,9876500526,9 Meadow Ridge Center
SUP527,Dynazzy,dynazzy.740627176@supplier.example,9876500527,428 Oriole Avenue
SUP528,Zoovu,zoovu.688855553@supplier.example,9876500528,21379 Stoughton Junction
SUP529,Photobean,photobean.830765024@supplier.example,9876500529,744 Lakewood Gardens Crossing
SUP530,Flipopia,flipopia.931804005@supplier.example,9876500530,84239 Meadow Vale Trail
SUP531,Oyonder,oyonder.419783326@supplier.example,9876500531,2835 Schlimgen Parkway
SUP532,Skidoo,skidoo.643965538@supplier.example,9876500532,4784 Farmco Alley
SUP533,Brightbean,brightbean.569650404@supplier.example,9876500533,5501 Fuller Way
SUP534,Skimia,skimia.057196858@supplier.example,9876500534,10342 Division Place
SUP535,Izio,izio.852115357@supplier.example,9876500535,96420 Briar Crest Lane
SUP536,Katz,katz.476872255@supplier.example,9876500536,45190 Fordem Court
SUP537,Devpoint,devpoint.564393559@supplier.example,9876500537,3 Monument Street
SUP538,Realpoint,realpoint.105405841@supplier.example,9876500538,843 Pepper Wood Hill
SUP539,Rhyzio,rhyzio.048662231@supplier.example,9876500539,5 Killdeer Trail
SUP540,Gigashots,gigashots.070555188@supplier.example,9876500540,1 Pleasure Hill
SUP541,Photobug,photobug.223074653@supplier.example,9876500541,880 Calypso Road
SUP542,Quinu,quinu.720241595@supplier.example,9876500542,6810 Aberg Junction
SUP543,Edgeclub,edgeclub.429762737@supplier.example,9876500543,39 Dovetail Terrace
SUP544,Meevee,meevee.089120895@supplier.example,9876500544,3 Buhler Place
SUP545,Shufflester,shufflester.426382086@supplier.example,9876500545,7 Hooker Way
SUP546,Ntag,ntag.752864153@supplier.example,9876500546,227 Tennyson Plaza
SUP547,Linklinks,linklinks.343899922@supplier.example,9876500547,05944 Scott Parkway
SUP548,Yotz,yotz.173592527@supplier.example,9876500548,545 Farwell Lane
SUP549,Skidoo,skidoo.443882451@supplier.example,9876500549,42 Mandrake Alley
SUP550,Topdrive,topdrive.854731534@supplier.example,9876500550,2 Miller Lane
SUP551,Cogilith,cogilith.558389088@supplier.example,9876500551,01 Northfield Road
SUP552,Babblestorm,babblestorm.050504384@supplier.example,9876500552,97 Utah Lane
SUP553,Devcast,devcast.656114749@supplier.example,9876500553,2 Scofield Street
SUP554,Aibox,aibox.178076972@supplier.example,9876500554,10 Golf Course Hill
SUP555,Kwinu,kwinu.723068602@supplier.example,9876500555,851 Hollow Ridge Center
SUP556,Photobug,photobug.767120418@supplier.example,9876500556,9 Burrows Junction
SUP557,Quatz,quatz.121407809@supplier.example,9876500557,30590 Bowman Alley
SUP558,Realblab,realblab.619129541@supplier.example,9876500558,76 Shelley Pass
SUP559,Photobean,photobean.884286227@supplier.example,9876500559,0 Larry Terrace
SUP560,Rhycero,rhycero.643614238@supplier.example,9876500560,760 Butternut Plaza
SUP561,Feedfire,feedfire.140098505@supplier.example,9876500561,26160 Independence Alley
SUP562,Trilia,trilia.032574437@supplier.example,9876500562,153 Caliangt Plaza
SUP563,Katz,katz.131098639@supplier.example,9876500563,0 Ohio Hill
SUP564,Eare,eare.201039525@supplier.example,9876500564,4 Esch Point
SUP565,Devpulse,devpulse.198755642@supplier.example,9876500565,8 Kensington Place
SUP566,Layo,layo.234820516@supplier.example,9876500566,23704 Algoma Park
SUP567,Dabfeed,dabfeed.264547297@supplier.example,9876500567,08545 Lillian Street
SUP568,Skimia,skimia.727843292@supplier.example,9876500568,59 Veith Center
SUP569,Blogpad,blogpad.117425033@supplier.example,9876500569,52 Namekagon Junction
SUP570,Twimm,twimm.899926472@supplier.example,9876500570,93321 Kennedy Point
SUP571,Kwimbee,kwimbee.062862758@supplier.example,9876500571,9269 Main Trail
SUP572,Avamm,avamm.861736891@supplier.example,9876500572,05 Bartelt Street
SUP573,Dynazzy,dynazzy.782031075@supplier.example,9876500573,30880 Barnett Junction
SUP574,Oyondu,oyondu.860791525@supplier.example,9876500574,43211 Anzinger Drive
SUP575,Dabtype,dabtype.549199424@supplier.example,9876500575,3622 Anhalt Lane
SUP576,Chatterbridge,chatterbridge.788886073@supplier.example,9876500576,481 Mifflin Hill
SUP577,Centidel,centidel.864873354@supplier.example,9876500577,3831 Goodland Road
SUP578,Layo,layo.916327343@supplier.example,9876500578,4374 Corry Terrace
SUP579,Yakitri,yakitri.532437800@supplier.example,9876500579,1 Hudson Hill
SUP580,Trupe,trupe.236886256@supplier.example,9876500580,402 Kings Road
SUP581,Livetube,livetube.337337313@supplier.example,9876500581,9951 Petterle Alley
SUP582,Yabox,yabox.614247670@supplier.example,9876500582,0282 Emmet Hill
SUP583,Skinix,skinix.520123409@supplier.example,9876500583,6292 Chive Street
SUP584,Mybuzz,mybuzz.824707146@supplier.example,9876500584,31 Loomis Park
SUP585,Wordtune,wordtune.420806579@supplier.example,9876500585,44051 Old Shore Junction
SUP586,Yabox,yabox.154665131@supplier.example,9876500586,12 Luster Terrace
SUP587,Meevee,meevee.957344024@supplier.example,9876500587,03 Little Fleur Pass
SUP588,Lajo,lajo.229596357@supplier.example,9876500588,87 Bluestem Parkway
SUP589,Realcube,realcube.635280643@supplier.example,9876500589,87578 Stoughton Parkway
SUP590,Topiczoom,topiczoom.150626342@supplier.example,9876500590,8 Hanover Center
SUP591,Pixonyx,pixonyx.260804944@supplier.example,9876500591,78 Forest Dale Road
SUP592,Dabjam,dabjam.174945505@supplier.example,9876500592,591 Maple Junction
SUP593,Meevee,meevee.698327009@supplier.example,9876500593,1 Judy Street
SUP594,Buzzbean,buzzbean.269206626@supplier.example,9876500594,49770 Hoffman Court
SUP595,Vimbo,vimbo.589452944@supplier.example,9876500595,04 Rockefeller Terrace
SUP596,Riffwire,riffwire.284422578@supplier.example,9876500596,1 Elmside Parkway
SUP597,Shuffledrive,shuffledrive.075787055@supplier.example,9876500597,9 Meadow Vale Drive
SUP598,Flashdog,flashdog.026563112@supplier.example,9876500598,3 Bashford Court
SUP599,Vinder,vinder.155500171@supplier.example,9876500599,111 David Hill
SUP600,Twitterwire,twitterwire.582131146@supplier.example,9876500600,1170 Shasta Circle
SUP601,Topdrive,topdrive.537496148@supplier.example,9876500601,555 Butternut Hill
SUP602,Browsetype,browsetype.646041679@supplier.example,9876500602,7232 Ridgeway Center
SUP603,Lajo,lajo.672523923@supplier.example,9876500603,8 Oriole Terrace
SUP604,Vinder,vinder.417131053@supplier.example,9876500604,611 Fieldstone Drive
SUP605,Brightdog,brightdog.164744516@supplier.example,9876500605,08896 Evergreen Avenue
SUP606,Rooxo,rooxo.074102867@supplier.example,9876500606,734 Thackeray Avenue
SUP607,Tanoodle,tanoodle.700646828@supplier.example,9876500607,973 Spaight Place
SUP608,Browseblab,browseblab.942611193@supplier.example,9876500608,5 Colorado Park
SUP609,Tagcat,tagcat.806226587@supplier.example,9876500609,811 Dapin Center
SUP610,Twitterbeat,twitterbeat.949586101@supplier.example,9876500610,25 Nancy Place
SUP611,Centimia,centimia.532471844@supplier.example,9876500611,01 Straubel Hill
SUP612,Mycat,mycat.523591255@supplier.example,9876500612,21 Golden Leaf Hill
SUP613,Ntags,ntags.169333355@supplier.example,9876500613,9738 Old Shore Trail
SUP614,Tekfly,tekfly.774710792@supplier.example,9876500614,07855 Goodland Lane
SUP615,Realfire,realfire.182607354@supplier.example,9876500615,1 Jackson Pass
SUP616,Geba,geba.435752151@supplier.example,9876500616,31 Sullivan Hill
SUP617,Yadel,yadel.074320137@supplier.example,9876500617,7943 Amoth Parkway
SUP618,Latz,latz.936254768@supplier.example,9876500618,91 Gateway Pass
SUP619,Yodo,yodo.796561990@supplier.example,9876500619,28 Boyd Pass
SUP620,Gabspot,gabspot.804625807@supplier.example,9876500620,38 Esch Pass
SUP621,Meeveo,meeveo.929916167@supplier.example,9876500621,6 Susan Alley
SUP622,Cogidoo,cogidoo.603948955@supplier.example,9876500622,0 Ruskin Way
SUP623,Centizu,centizu.510541226@supplier.example,9876500623,92486 Laurel Alley
SUP624,Flipopia,flipopia.541329762@supplier.example,9876500624,365 Vera Terrace
SUP625,Buzzdog,buzzdog.487075857@supplier.example,9876500625,018 Oxford Crossing
SUP626,Yakijo,yakijo.031176217@supplier.example,9876500626,61 Waubesa Court
SUP627,Voolith,voolith.408004739@supplier.example,9876500627,992 East Point
SUP628,Edgetag,edgetag.618070746@supplier.example,9876500628,07359 Porter Park
SUP629,Quimm,quimm.423616981@supplier.example,9876500629,66330 Northridge Street
SUP630,Jabbersphere,jabbersphere.316286696@supplier.example,9876500630,07 Maple Wood Drive
SUP631,Wikido,wikido.981070604@supplier.example,9876500631,620 Mockingbird Pass
SUP632,Tanoodle,tanoodle.515194588@supplier.example,9876500632,8 Hazelcrest Street
SUP633,Bubblebox,bubblebox.668832383@supplier.example,9876500633,1 Lillian Plaza
SUP634,Thoughtmix,thoughtmix.496083851@supplier.example,9876500634,183 Algoma Trail
SUP635,Linklinks,linklinks.848351656@supplier.example,9876500635,581 Oneill Crossing
SUP636,Jetwire,jetwire.192647608@supplier.example,9876500636,77563 Russell Lane
SUP637,Vidoo,vidoo.568250880@supplier.example,9876500637,51369 Dawn Hill
SUP638,Quire,quire.778420920@supplier.example,9876500638,76 Fisk Park
SUP639,Fivebridge,fivebridge.644522395@supplier.example,9876500639,34 Fremont Point
SUP640,Eabox,eabox.755362986@supplier.example,9876500640,62 Thackeray Center
SUP641,LiveZ,livez.029971489@supplier.example,9876500641,38 Dawn Street
SUP642,Vitz,vitz.985911051@supplier.example,9876500642,50880 Nobel Road
SUP643,Shuffletag,shuffletag.914176283@supplier.example,9876500643,46989 Crescent Oaks Junction
SUP644,Photobug,photobug.274936787@supplier.example,9876500644,5306 Arkansas Avenue
SUP645,Meejo,meejo.825279395@supplier.example,9876500645,75 High Crossing Junction
SUP646,Brightbean,brightbean.012103485@supplier.example,9876500646,59449 Sherman Parkway
SUP647,Talane,talane.059666460@supplier.example,9876500647,9848 Little Fleur Point
SUP648,Devshare,devshare.662271125@supplier.example,9876500648,44662 American Plaza
SUP649,Quatz,quatz.620119357@supplier.example,9876500649,60 Main Pass
SUP650,Zava,zava.645847898@supplier.example,9876500650,81503 Graedel Plaza
SUP651,Tagpad,tagpad.083592568@supplier.example,9876500651,8 Dawn Court
SUP652,Trilia,trilia.067761072@supplier.example,9876500652,55095 Northview Drive
SUP653,Zoombox,zoombox.202015639@supplier.example,9876500653,0 Thackeray Point
SUP654,Snaptags,snaptags.281627486@supplier.example,9876500654,8 Autumn Leaf Drive
SUP655,Topiclounge,topiclounge.077542313@supplier.example,9876500655,20 Marcy Circle
SUP656,Quinu,quinu.057270033@supplier.example,9876500656,9 Victoria Point
SUP657,Yotz,yotz.334667894@supplier.example,9876500657,96 Westridge Junction
SUP658,Flashset,flashset.459237206@supplier.example,9876500658,38726 Gina Pass
SUP659,Eimbee,eimbee.383305543@supplier.example,9876500659,1 Hollow Ridge Park
SUP660,Skidoo,skidoo.696662257@supplier.example,9876500660,27 School Court
SUP661,Abata,abata.402608547@supplier.example,9876500661,80380 Valley Edge Road
SUP662,Brainverse,brainverse.595702020@supplier.example,9876500662,0 Delladonna Place
SUP663,Twitterwire,twitterwire.297746779@supplier.example,9876500663,583 Loftsgordon Road
SUP664,Zoomzone,zoomzone.868797811@supplier.example,9876500664,1519 Delaware Court
SUP665,Topdrive,topdrive.855942570@supplier.example,9876500665,72 Crownhardt Circle
SUP666,Wordpedia,wordpedia.114306041@supplier.example,9876500666,6 Bobwhite Alley
SUP667,Twitterlist,twitterlist.382004863@supplier.example,9876500667,467 Dexter Pass
SUP668,Skipfire,skipfire.805675598@supplier.example,9876500668,6982 Crownhardt Circle
SUP669,Voonder,voonder.144141945@supplier.example,9876500669,64 1st Plaza
SUP670,Skivee,skivee.032205535@supplier.example,9876500670,21844 Artisan Trail
SUP671,Babbleopia,babbleopia.298215359@supplier.example,9876500671,3 Hermina Circle
SUP672,Einti,einti.792198469@supplier.example,9876500672,18 Troy Avenue
SUP673,Wikibox,wikibox.308538580@supplier.example,9876500673,18 Comanche Junction
SUP674,Aivee,aivee.082189429@supplier.example,9876500674,9050 Dorton Pass
SUP675,Jatri,jatri.884183855@supplier.example,9876500675,591 Maple Wood Drive
SUP676,Jaxnation,jaxnation.444956660@supplier.example,9876500676,545 Linden Alley
SUP677,Skajo,skajo.516006076@supplier.example,9876500677,39 Oxford Drive
SUP678,Feedfish,feedfish.569693705@supplier.example,9876500678,538 Bayside Parkway
SUP679,Flipbug,flipbug.153655585@supplier.example,9876500679,88678 Bayside Park
SUP680,Yozio,yozio.971430641@supplier.example,9876500680,25696 Westerfield Alley
SUP681,Dabjam,dabjam.725097548@supplier.example,9876500681,4 Dakota Avenue
SUP682,Browsetype,browsetype.672728844@supplier.example,9876500682,72778 Loftsgordon Center
SUP683,Meevee,meevee.786297560@supplier.example,9876500683,5 Lyons Street
SUP684,Linkbridge,linkbridge.332654588@supplier.example,9876500684,2 Northview Avenue
SUP685,Avamm,avamm.797041471@supplier.example,9876500685,12 Rigney Street
SUP686,Rooxo,rooxo.839419620@supplier.example,9876500686,2 Butterfield Pass
SUP687,Gabvine,gabvine.422106541@supplier.example,9876500687,292 Utah Street
SUP688,Yodel,yodel.347241913@supplier.example,9876500688,96 Brown Drive
SUP689,Voonte,voonte.425797177@supplier.example,9876500689,65 Merry Circle
SUP690,Rhyzio,rhyzio.753695047@supplier.example,9876500690,4 Heffernan Lane
SUP691,Tagcat,tagcat.306052164@supplier.example,9876500691,2 Fair Oaks Pass
SUP692,Gigazoom,gigazoom.277727906@supplier.example,9876500692,7 Victoria Hill
SUP693,Plajo,plajo.757938978@supplier.example,9876500693,13799 Quincy Park
SUP694,Skipstorm,skipstorm.825257224@supplier.example,9876500694,703 Hermina Center
SUP695,Feednation,feednation.214163796@supplier.example,9876500695,6748 Mitchell Road
SUP696,Cogibox,cogibox.941869620@supplier.example,9876500696,160 Crowley Center
SUP697,Divanoodle,divanoodle.647523122@supplier.example,9876500697,73966 Pond Trail
SUP698,Skibox,skibox.497628263@supplier.example,9876500698,27408 Burning Wood Street
SUP699,Devcast,devcast.537181768@supplier.example,9876500699,9327 Hanover Way
SUP700,Quaxo,quaxo.810728266@supplier.example,9876500700,0500 Calypso Pass
SUP701,Mybuzz,mybuzz.551342668@supplier.example,9876500701,8 Merrick Lane
SUP702,Oba,oba.370792530@supplier.example,9876500702,53894 Myrtle Place
SUP703,Livefish,livefish.568235908@supplier.example,9876500703,3 Meadow Valley Court
SUP704,Kaymbo,kaymbo.038823517@supplier.example,9876500704,97 Walton Avenue
SUP705,Yoveo,yoveo.954843134@supplier.example,9876500705,95 Lerdahl Park
SUP706,Eimbee,eimbee.075002023@supplier.example,9876500706,56 Bonner Point
SUP707,Skiptube,skiptube.635222633@supplier.example,9876500707,149 Lawn Way
SUP708,Roodel,roodel.239312988@supplier.example,9876500708,61 Transport Parkway
SUP709,Jaxworks,jaxworks.220505775@supplier.example,9876500709,5 Fisk Point
SUP710,Fanoodle,fanoodle.375675710@supplier.example,9876500710,56 Petterle Circle
SUP711,Agivu,agivu.521303457@supplier.example,9876500711,38 Banding Lane
SUP712,Wikizz,wikizz.754066250@supplier.example,9876500712,1991 Kropf Way
SUP713,Digitube,digitube.214505520@supplier.example,9876500713,0023 Upham Road
SUP714,Bluejam,bluejam.985877923@supplier.example,9876500714,7 Duke Parkway
SUP715,Centizu,centizu.880206814@supplier.example,9876500715,7 Anzinger Lane
SUP716,Bluejam,bluejam.323869832@supplier.example,9876500716,093 Anhalt Crossing
SUP717,Miboo,miboo.829307733@supplier.example,9876500717,779 Ridgeway Street
SUP718,Fatz,fatz.605087567@supplier.example,9876500718,5 Warner Court
SUP719,Meemm,meemm.991780951@supplier.example,9876500719,9 Cardinal Alley
SUP720,Youtags,youtags.392576162@supplier.example,9876500720,32 Cottonwood Pass
SUP721,Dabjam,dabjam.439792253@supplier.example,9876500721,21343 Brentwood Circle
SUP722,Kwideo,kwideo.939001170@supplier.example,9876500722,88 Hooker Parkway
SUP723,Oba,oba.401800752@supplier.example,9876500723,72090 Northfield Place
SUP724,Topicware,topicware.816940300@supplier.example,9876500724,8 Mayer Trail
SUP725,Skaboo,skaboo.257693792@supplier.example,9876500725,9 Eastlawn Crossing
SUP726,Rhybox,rhybox.295429338@supplier.example,9876500726,9 Anhalt Trail
SUP727,BlogXS,blogxs.375998579@supplier.example,9876500727,6 Bay Road
SUP728,Eazzy,eazzy.891590852@supplier.example,9876500728,736 Redwing Parkway
SUP729,Omba,omba.324970478@supplier.example,9876500729,5 Eggendart Parkway
SUP730,Skipfire,skipfire.747297466@supplier.example,9876500730,955 4th Road
SUP731,Livetube,livetube.461719624@supplier.example,9876500731,996 Thierer Center
SUP732,Devpulse,devpulse.869957254@supplier.example,9876500732,0 Lawn Parkway
SUP733,Skipfire,skipfire.995536838@supplier.example,9876500733,959 Dorton Pass
SUP734,Mybuzz,mybuzz.129474739@supplier.example,9876500734,5 Homewood Street
SUP735,Dynabox,dynabox.369649838@supplier.example,9876500735,4571 Fremont Way
SUP736,Centimia,centimia.110319939@supplier.example,9876500736,9440 Coleman Drive
SUP737,Mymm,mymm.508770990@supplier.example,9876500737,49225 Homewood Place
SUP738,Jaxbean,jaxbean.534979614@supplier.example,9876500738,06584 Mendota Avenue
SUP739,Meembee,meembee.004872428@supplier.example,9876500739,79878 Katie Trail
SUP740,Fivebridge,fivebridge.952419348@supplier.example,9876500740,0 Lerdahl Parkway
SUP741,Kwideo,kwideo.539981422@supplier.example,9876500741,803 Cottonwood Crossing
SUP742,Quaxo,quaxo.453318563@supplier.example,9876500742,4 Duke Way
SUP743,Vimbo,vimbo.909981236@supplier.example,9876500743,4247 David Crossing
SUP744,Buzzshare,buzzshare.981559583@supplier.example,9876500744,9433 Jenna Lane
SUP745,Gigabox,gigabox.009123545@supplier.example,9876500745,03 Ryan Circle
SUP746,Blognation,blognation.875700273@supplier.example,9876500746,75054 Ramsey Parkway
SUP747,Topicstorm,topicstorm.400705881@supplier.example,9876500747,78919 East Crossing
SUP748,Devcast,devcast.949032643@supplier.example,9876500748,865 Eagle Crest Park
SUP749,Jaloo,jaloo.507472259@supplier.example,9876500749,0920 Monica Pass
SUP750,Jaxspan,jaxspan.275412645@supplier.example,9876500750,00064 Mosinee Circle
SUP751,BlogXS,blogxs.648004141@supplier.example,9876500751,752 Mccormick Way
SUP752,Twitterwire,twitterwire.937934398@supplier.example,9876500752,561 Pennsylvania Way
SUP753,Gigashots,gigashots.134334930@supplier.example,9876500753,288 Fair Oaks Place
SUP754,LiveZ,livez.670249832@supplier.example,9876500754,54 Weeping Birch Lane
SUP755,Buzzbean,buzzbean.205320144@supplier.example,9876500755,3 Bunting Point
SUP756,Shuffletag,shuffletag.283141189@supplier.example,9876500756,32 Charing Cross Pass
SUP757,Skimia,skimia.379947932@supplier.example,9876500757,1 Havey Park
SUP758,Jetpulse,jetpulse.019004509@supplier.example,9876500758,2 7th Center
SUP759,Yambee,yambee.611008296@supplier.example,9876500759,34832 Autumn Leaf Terrace
SUP760,Kamba,kamba.000237719@supplier.example,9876500760,4353 Dixon Circle
SUP761,Abatz,abatz.321782765@supplier.example,9876500761,89 Karstens Alley
SUP762,Wikido,wikido.740327560@supplier.example,9876500762,2869 Hudson Drive
SUP763,Blogpad,blogpad.493844540@supplier.example,9876500763,85 Farwell Parkway
SUP764,Tazz,tazz.841237159@supplier.example,9876500764,60 Dottie Hill
SUP765,Brainverse,brainverse.348240575@supplier.example,9876500765,797 Mcbride Lane
SUP766,Blognation,blognation.738309633@supplier.example,9876500766,2633 Shasta Alley
SUP767,Kwilith,kwilith.704024816@supplier.example,9876500767,5 Prentice Pass
SUP768,Podcat,podcat.110057835@supplier.example,9876500768,84 Rusk Terrace
SUP769,Centimia,centimia.723606358@supplier.example,9876500769,9067 Valley Edge Park
SUP770,Skyble,skyble.788771866@supplier.example,9876500770,463 Oxford Crossing
SUP771,Skyndu,skyndu.316765646@supplier.example,9876500771,57 Di Loreto Circle
SUP772,Photobug,photobug.347381209@supplier.example,9876500772,657 Texas Street
SUP773,Digitube,digitube.048547165@supplier.example,9876500773,03643 Oakridge Lane
SUP774,Tagpad,tagpad.799556260@supplier.example,9876500774,68 Dakota Center
SUP775,Roodel,roodel.257062146@supplier.example,9876500775,2004 Cody Plaza
SUP776,Jabbercube,jabbercube.733939432@supplier.example,9876500776,116 Spaight Park
SUP777,Demimbu,demimbu.617930279@supplier.example,9876500777,4826 Drewry Center
SUP778,Shufflebeat,shufflebeat.099026272@supplier.example,9876500778,1 Logan Road
SUP779,Avaveo,avaveo.323711686@supplier.example,9876500779,84 Hoffman Way
SUP780,Gabspot,gabspot.234500301@supplier.example,9876500780,49884 Brickson Park Plaza
SUP781,Eire,eire.665639462@supplier.example,9876500781,2 Russell Alley
SUP782,Thoughtblab,thoughtblab.646743902@supplier.example,9876500782,6 Acker Street
SUP783,Fivebridge,fivebridge.400567748@supplier.example,9876500783,826 Melvin Pass
SUP784,Tambee,tambee.789545649@supplier.example,9876500784,40113 Blaine Place
SUP785,Flashspan,flashspan.766412070@supplier.example,9876500785,929 Thierer Lane
SUP786,Yata,yata.335465056@supplier.example,9876500786,7 Talmadge Street
SUP787,Katz,katz.599688346@supplier.example,9876500787,3 Bellgrove Way
SUP788,Jazzy,jazzy.343035097@supplier.example,9876500788,9623 Cottonwood Park
SUP789,Topdrive,topdrive.274067972@supplier.example,9876500789,43 Washington Street
SUP790,Topicware,topicware.364513173@supplier.example,9876500790,07 Pankratz Point
SUP791,InnoZ,innoz.694609770@supplier.example,9876500791,65 Forster Way
SUP792,Viva,viva.394880039@supplier.example,9876500792,7403 Fuller Hill
SUP793,Dazzlesphere,dazzlesphere.803284990@supplier.example,9876500793,49148 Meadow Ridge Way
SUP794,Wordware,wordware.057790378@supplier.example,9876500794,70156 7th Junction
SUP795,Camido,camido.552691746@supplier.example,9876500795,16 Fair Oaks Pass
SUP796,Skinix,skinix.481761622@supplier.example,9876500796,36687 Maple Avenue
SUP797,Yodo,yodo.319557362@supplier.example,9876500797,55 Cherokee Circle
SUP798,Realblab,realblab.173455800@supplier.example,9876500798,1823 Elgar Park
SUP799,Zazio,zazio.848699980@supplier.example,9876500799,38436 Anthes Way
SUP800,Avavee,avavee.894396947@supplier.example,9876500800,10577 Thierer Plaza
SUP801,Yodo,yodo.840906472@supplier.example,9876500801,8682 Golf Course Junction
SUP802,Kwideo,kwideo.372812537@supplier.example,9876500802,4 Old Shore Avenue
SUP803,Realmix,realmix.417729238@supplier.example,9876500803,65 Chinook Circle
SUP804,Thoughtbridge,thoughtbridge.346678907@supplier.example,9876500804,12710 Gulseth Circle
SUP805,Aibox,aibox.350006015@supplier.example,9876500805,43591 East Road
SUP806,Twimm,twimm.410070132@supplier.example,9876500806,01 Hansons Crossing
SUP807,Twitternation,twitternation.743572990@supplier.example,9876500807,700 Northland Crossing
SUP808,Yabox,yabox.025752074@supplier.example,9876500808,98 Melody Street
SUP809,Realmix,realmix.904534096@supplier.example,9876500809,63787 Arkansas Street
SUP810,Roomm,roomm.600387810@supplier.example,9876500810,2718 Londonderry Plaza
SUP811,Thoughtbeat,thoughtbeat.819997392@supplier.example,9876500811,77 Brown Circle
SUP812,Teklist,teklist.307807583@supplier.example,9876500812,60 Messerschmidt Pass
SUP813,Twitterbridge,twitterbridge.767979430@supplier.example,9876500813,5521 Wayridge Center
SUP814,Centizu,centizu.285217083@supplier.example,9876500814,4346 Columbus Way
SUP815,Gigashots,gigashots.304103509@supplier.example,9876500815,8425 New Castle Parkway
SUP816,Vitz,vitz.675961997@supplier.example,9876500816,856 School Plaza
SUP817,Myworks,myworks.262805472@supplier.example,9876500817,68241 Hanson Circle
SUP818,Pixonyx,pixonyx.780924768@supplier.example,9876500818,336 Old Shore Lane
SUP819,Skaboo,skaboo.831725527@supplier.example,9876500819,2 Columbus Drive
SUP820,Quatz,quatz.656209866@supplier.example,9876500820,47817 Oneill Park
SUP821,Gevee,gevee.854549252@supplier.example,9876500821,6410 Northwestern Pass
SUP822,Wikido,wikido.754481356@supplier.example,9876500822,2 Northridge Street
SUP823,Katz,katz.299684976@supplier.example,9876500823,685 Independence Junction
SUP824,Geba,geba.601593514@supplier.example,9876500824,1792 Crownhardt Street
SUP825,Photobug,photobug.720023904@supplier.example,9876500825,9171 Redwing Street
SUP826,Bluezoom,bluezoom.912159838@supplier.example,9876500826,33145 Butterfield Avenue
SUP827,Kimia,kimia.405151141@supplier.example,9876500827,898 Rowland Trail
SUP828,Tavu,tavu.752565638@supplier.example,9876500828,425 Shasta Terrace
SUP829,Rhyloo,rhyloo.547248610@supplier.example,9876500829,1661 Springview Terrace
SUP830,Gigashots,gigashots.783790369@supplier.example,9876500830,28351 Cascade Plaza
SUP831,Buzzbean,buzzbean.028117933@supplier.example,9876500831,854 Kipling Point
SUP832,Youfeed,youfeed.787266352@supplier.example,9876500832,04 Hagan Crossing
SUP833,Browsecat,browsecat.582266435@supplier.example,9876500833,93 Longview Junction
SUP834,Demimbu,demimbu.704538646@supplier.example,9876500834,43 Lakewood Junction
SUP835,Quamba,quamba.552513001@supplier.example,9876500835,7698 Logan Drive
SUP836,Thoughtworks,thoughtworks.379212953@supplier.example,9876500836,15658 Talisman Lane
SUP837,Oloo,oloo.225064911@supplier.example,9876500837,183 Buell Park
SUP838,Avaveo,avaveo.422014328@supplier.example,9876500838,06 Lake View Trail
SUP839,Livepath,livepath.705919841@supplier.example,9876500839,36124 Carberry Junction
SUP840,Jazzy,jazzy.630570462@supplier.example,9876500840,33774 Carberry Circle
SUP841,Eabox,eabox.909409550@supplier.example,9876500841,36 Bobwhite Parkway
SUP842,Bubblebox,bubblebox.640707611@supplier.example,9876500842,55276 Golf Hill
SUP843,Zoonder,zoonder.956091485@supplier.example,9876500843,9821 Novick Hill
SUP844,Blogpad,blogpad.613825182@supplier.example,9876500844,832 Goodland Alley
SUP845,Oyoloo,oyoloo.358358848@supplier.example,9876500845,8239 Laurel Way
SUP846,Mybuzz,mybuzz.849413034@supplier.example,9876500846,29 Vera Drive
SUP847,Tagchat,tagchat.314839201@supplier.example,9876500847,23560 Talmadge Center
SUP848,Kwimbee,kwimbee.257901641@supplier.example,9876500848,46 Colorado Place
SUP849,Tagopia,tagopia.561969896@supplier.example,9876500849,62238 Mallory Place
SUP850,Yakitri,yakitri.808333051@supplier.example,9876500850,40 Cody Pass
SUP851,Camimbo,camimbo.109500546@supplier.example,9876500851,29150 Farmco Crossing
SUP852,Dabtype,dabtype.141080409@supplier.example,9876500852,546 Declaration Place
SUP853,Roomm,roomm.746194608@supplier.example,9876500853,7 Lunder Hill
SUP854,Skynoodle,skynoodle.340145873@supplier.example,9876500854,884 Sloan Drive
SUP855,Centimia,centimia.741198973@supplier.example,9876500855,15 Oriole Park
SUP856,Voolia,voolia.308202883@supplier.example,9876500856,9171 Norway Maple Trail
SUP857,Voomm,voomm.610409004@supplier.example,9876500857,8119 Homewood Drive
SUP858,Mudo,mudo.468304835@supplier.example,9876500858,25923 Loeprich Junction
SUP859,Youspan,youspan.755537424@supplier.example,9876500859,7051 Calypso Place
SUP860,Bubblemix,bubblemix.014959336@supplier.example,9876500860,09264 Forest Dale Drive
SUP861,Wordware,wordware.666841941@supplier.example,9876500861,662 Vernon Point
SUP862,Quatz,quatz.485575036@supplier.example,9876500862,46 Orin Drive
SUP863,Mybuzz,mybuzz.537993174@supplier.example,9876500863,8524 Shelley Way
SUP864,Eadel,eadel.985585813@supplier.example,9876500864,6 Anniversary Circle
SUP865,Omba,omba.168697328@supplier.example,9876500865,0087 Bluejay Plaza
SUP866,Gigazoom,gigazoom.347309079@supplier.example,9876500866,61057 Hallows Junction
SUP867,Tagopia,tagopia.257415987@supplier.example,9876500867,13 Westport Hill
SUP868,Wordpedia,wordpedia.039830515@supplier.example,9876500868,53 Lawn Circle
SUP869,Jaxspan,jaxspan.395062186@supplier.example,9876500869,25 Drewry Alley
SUP870,Fivebridge,fivebridge.837804531@supplier.example,9876500870,9 Kipling Road
SUP871,Zoozzy,zoozzy.390551703@supplier.example,9876500871,697 Hoepker Center
SUP872,Tagopia,tagopia.284659141@supplier.example,9876500872,085 Reinke Pass
SUP873,Geba,geba.861844829@supplier.example,9876500873,269 Dakota Trail
SUP874,Einti,einti.512152283@supplier.example,9876500874,553 Hooker Trail
SUP875,Mudo,mudo.994550707@supplier.example,9876500875,11 Thackeray Hill
SUP876,Einti,einti.324029679@supplier.example,9876500876,803 5th Alley
SUP877,Shuffledrive,shuffledrive.495597092@supplier.example,9876500877,2 Veith Crossing
SUP878,Yoveo,yoveo.359796839@supplier.example,9876500878,652 High Crossing Lane
SUP879,Linktype,linktype.463166919@supplier.example,9876500879,8182 Hazelcrest Place
SUP880,Vidoo,vidoo.470260505@supplier.example,9876500880,6251 Eliot Hill
SUP881,Devbug,devbug.859787855@supplier.example,9876500881,82 Hintze Court
SUP882,Kanoodle,kanoodle.870326971@supplier.example,9876500882,38 Killdeer Point
SUP883,Devpulse,devpulse.270614764@supplier.example,9876500883,06 Shopko Pass
SUP884,Topicblab,topicblab.713008176@supplier.example,9876500884,374 Blue Bill Park Point
SUP885,Trunyx,trunyx.478319154@supplier.example,9876500885,79 Monterey Avenue
SUP886,Zoombeat,zoombeat.793667207@supplier.example,9876500886,22555 Macpherson Plaza
SUP887,Voolia,voolia.386036412@supplier.example,9876500887,7 Harper Drive
SUP888,Kayveo,kayveo.895743430@supplier.example,9876500888,8569 Bashford Court
SUP889,Jayo,jayo.991454924@supplier.example,9876500889,62494 Longview Drive
SUP890,Ooba,ooba.651601426@supplier.example,9876500890,32 6th Lane
SUP891,Kazu,kazu.291227037@supplier.example,9876500891,890 Eggendart Pass
SUP892,Jatri,jatri.447604337@supplier.example,9876500892,4 Doe Crossing Avenue
SUP893,Browsezoom,browsezoom.156553923@supplier.example,9876500893,1275 Lawn Center
SUP894,Jaxworks,jaxworks.564221480@supplier.example,9876500894,8868 Armistice Place
SUP895,Devpulse,devpulse.941571762@supplier.example,9876500895,917 Westerfield Terrace
SUP896,Rhybox,rhybox.309343251@supplier.example,9876500896,1005 Lyons Junction
SUP897,Plajo,plajo.375197762@supplier.example,9876500897,185 Stone Corner Parkway
SUP898,Katz,katz.694169493@supplier.example,9876500898,0 Village Green Street
SUP899,Yakidoo,yakidoo.397147313@supplier.example,9876500899,0 Fordem Place
SUP900,Youopia,youopia.465907639@supplier.example,9876500900,8851 Superior Park
SUP901,Camido,camido.623122748@supplier.example,9876500901,1715 Dottie Pass
SUP902,Gabvine,gabvine.816763345@supplier.example,9876500902,75 Cascade Avenue
SUP903,Katz,katz.790917381@supplier.example,9876500903,012 Mockingbird Court
SUP904,Browsetype,browsetype.959445323@supplier.example,9876500904,41 Stephen Crossing
SUP905,Tagcat,tagcat.577744116@supplier.example,9876500905,3053 Sachs Center
SUP906,Skidoo,skidoo.289773789@supplier.example,9876500906,5 Ohio Lane
SUP907,Zoonder,zoonder.609596355@supplier.example,9876500907,537 Maple Alley
SUP908,Rhynoodle,rhynoodle.327458366@supplier.example,9876500908,22 Hudson Pass
SUP909,Youbridge,youbridge.834012709@supplier.example,9876500909,43211 Lakeland Place
SUP910,Fivespan,fivespan.499010828@supplier.example,9876500910,92 Bartelt Terrace
SUP911,Topicshots,topicshots.969187047@supplier.example,9876500911,5649 Vidon Plaza
SUP912,Eare,eare.292959755@supplier.example,9876500912,156 Golf Course Alley
SUP913,Jetpulse,jetpulse.441996832@supplier.example,9876500913,8583 Northwestern Terrace
SUP914,Voonder,voonder.987915014@supplier.example,9876500914,7 Ridge Oak Pass
SUP915,Rhyloo,rhyloo.418811166@supplier.example,9876500915,0 Moose Lane
SUP916,Kare,kare.446467502@supplier.example,9876500916,24 South Trail
SUP917,Viva,viva.088244585@supplier.example,9876500917,00 Ridgeway Plaza
SUP918,Photospace,photospace.359274986@supplier.example,9876500918,9463 Northland Court
SUP919,Skibox,skibox.823134469@supplier.example,9876500919,7944 Elgar Alley
SUP920,Ozu,ozu.510761164@supplier.example,9876500920,88 Lighthouse Bay Crossing
SUP921,Jaxworks,jaxworks.812768218@supplier.example,9876500921,18 Daystar Parkway
SUP922,Tagtune,tagtune.485388538@supplier.example,9876500922,74 Sugar Plaza
SUP923,Babbleblab,babbleblab.011658830@supplier.example,9876500923,29755 Daystar Street
SUP924,Devshare,devshare.267300925@supplier.example,9876500924,21530 Prentice Place
SUP925,Aivee,aivee.106946636@supplier.example,9876500925,1 Mockingbird Parkway
SUP926,Skalith,skalith.864417850@supplier.example,9876500926,54706 Prairieview Point
SUP927,Devshare,devshare.075201107@supplier.example,9876500927,5325 Milwaukee Lane
SUP928,Twitterwire,twitterwire.125662563@supplier.example,9876500928,901 Norway Maple Crossing
SUP929,Twitterwire,twitterwire.849498378@supplier.example,9876500929,4 Loomis Way
SUP930,Riffwire,riffwire.312812352@supplier.example,9876500930,8499 Hanover Terrace
SUP931,Eidel,eidel.025100629@supplier.example,9876500931,40 Merchant Terrace
SUP932,Zoovu,zoovu.603095783@supplier.example,9876500932,4 Stang Place
SUP933,Ooba,ooba.914512016@supplier.example,9876500933,1 Green Hill
SUP934,Geba,geba.394127454@supplier.example,9876500934,6225 Westend Pass
SUP935,Kanoodle,kanoodle.043918892@supplier.example,9876500935,1615 Bellgrove Crossing
SUP936,Oyondu,oyondu.626870951@supplier.example,9876500936,35 Portage Road
SUP937,Chatterpoint,chatterpoint.708257341@supplier.example,9876500937,911 Merry Junction
SUP938,Babbleset,babbleset.714674910@supplier.example,9876500938,63578 Butternut Hill
SUP939,Flipbug,flipbug.377285274@supplier.example,9876500939,83291 Hansons Crossing
SUP940,Innojam,innojam.684930378@supplier.example,9876500940,883 Marcy Place
SUP941,Demivee,demivee.114663182@supplier.example,9876500941,55309 6th Junction
SUP942,Ainyx,ainyx.523404509@supplier.example,9876500942,09 Londonderry Hill
SUP943,Jazzy,jazzy.734453017@supplier.example,9876500943,4 Hagan Court
SUP944,Devpoint,devpoint.456026533@supplier.example,9876500944,185 Saint Paul Road
SUP945,Bubblemix,bubblemix.018532191@supplier.example,9876500945,0847 Artisan Hill
SUP946,Quatz,quatz.602841974@supplier.example,9876500946,3 Bayside Point
SUP947,Meetz,meetz.639699608@supplier.example,9876500947,521 Burning Wood Trail
SUP948,Flipopia,flipopia.910023027@supplier.example,9876500948,5 Mesta Center
SUP949,Livetube,livetube.171674304@supplier.example,9876500949,1666 Dayton Terrace
SUP950,Thoughtmix,thoughtmix.815885701@supplier.example,9876500950,20 Butterfield Lane
SUP951,Lajo,lajo.436797350@supplier.example,9876500951,297 Petterle Way
SUP952,Trilith,trilith.379963243@supplier.example,9876500952,668 Claremont Place
SUP953,Jabbersphere,jabbersphere.821574299@supplier.example,9876500953,2 Hooker Terrace
SUP954,Twitterbeat,twitterbeat.903788463@supplier.example,9876500954,99 Twin Pines Alley
SUP955,Feedfire,feedfire.487008059@supplier.example,9876500955,9262 Sullivan Crossing
SUP956,Thoughtbeat,thoughtbeat.002582525@supplier.example,9876500956,35 Waxwing Center
SUP957,Youbridge,youbridge.418679911@supplier.example,9876500957,676 Redwing Trail
SUP958,Gigaclub,gigaclub.666808738@supplier.example,9876500958,1509 Hoard Circle
SUP959,Trupe,trupe.260615253@supplier.example,9876500959,7015 Ramsey Lane
SUP960,Meejo,meejo.175468875@supplier.example,9876500960,30968 Anzinger Court
SUP961,Katz,katz.444512764@supplier.example,9876500961,4 Orin Lane
SUP962,Skimia,skimia.858237428@supplier.example,9876500962,98 Bartillon Trail
SUP963,Voonder,voonder.409074937@supplier.example,9876500963,19 Aberg Trail
SUP964,Babblestorm,babblestorm.061759657@supplier.example,9876500964,588 Waywood Trail
SUP965,Rhyzio,rhyzio.124336490@supplier.example,9876500965,3 Del Mar Point
SUP966,Mudo,mudo.093871119@supplier.example,9876500966,42 Green Ridge Terrace
SUP967,Brightdog,brightdog.599796740@supplier.example,9876500967,9431 Clarendon Pass
SUP968,Bubblemix,bubblemix.975710561@supplier.example,9876500968,739 Rowland Way
SUP969,Kayveo,kayveo.961774040@supplier.example,9876500969,77 Monument Court
SUP970,Skaboo,skaboo.184904140@supplier.example,9876500970,82955 Dayton Street
SUP971,Thoughtbeat,thoughtbeat.694153675@supplier.example,9876500971,95 Kingsford Terrace
SUP972,Youbridge,youbridge.343151199@supplier.example,9876500972,56 Esker Park
SUP973,Quaxo,quaxo.495901752@supplier.example,9876500973,0782 Dapin Avenue
SUP974,Wikizz,wikizz.199859694@supplier.example,9876500974,3 John Wall Point
SUP975,Yambee,yambee.684151025@supplier.example,9876500975,642 Arizona Point
SUP976,Blogtag,blogtag.175621176@supplier.example,9876500976,5 Loftsgordon Trail
SUP977,Jetpulse,jetpulse.574125368@supplier.example,9876500977,0 Sutteridge Trail
SUP978,Camido,camido.676740287@supplier.example,9876500978,4033 Sloan Hill
SUP979,Voolith,voolith.871596467@supplier.example,9876500979,8 Thackeray Drive
SUP980,Dynava,dynava.940066480@supplier.example,9876500980,674 Ryan Alley
SUP981,Skyba,skyba.868416074@supplier.example,9876500981,63 Debra Park
SUP982,Yamia,yamia.868414440@supplier.example,9876500982,308 Doe Crossing Pass
SUP983,BlogXS,blogxs.829950739@supplier.example,9876500983,73 Graedel Street
SUP984,Jabberstorm,jabberstorm.812340741@supplier.example,9876500984,53 Forest Run Plaza
SUP985,Rhyloo,rhyloo.998640256@supplier.example,9876500985,94 Mallory Center
SUP986,Shuffledrive,shuffledrive.574738672@supplier.example,9876500986,58 Corscot Terrace
SUP987,Gabcube,gabcube.938779384@supplier.example,9876500987,5 Oxford Pass
SUP988,Lajo,lajo.962152767@supplier.example,9876500988,081 Jana Lane
SUP989,Dazzlesphere,dazzlesphere.777834107@supplier.example,9876500989,00616 Manitowish Parkway
SUP990,Yakijo,yakijo.933581118@supplier.example,9876500990,309 Burning Wood Center
